"OriginAirport","FlightDurationMins","DestinationAirport","Flight_Number","AirlineName","FlightDistance","TailNumber","ScheduledDepartureTime","ScheduledArrivalTime"
"Albuquerque International Sunport","299","Hartsfield-Jackson Atlanta International","2098","Delta Air Lines Inc.","1269","N998DL","1998-09-25T07:17Z","1998-09-25T12:16Z"
"Albuquerque International Sunport","283","Hartsfield-Jackson Atlanta International","1452","Delta Air Lines Inc.","1269","N380DA","2010-05-05T08:26Z","2010-05-05T13:09Z"
"Albuquerque International Sunport","305","Hartsfield-Jackson Atlanta International","1398","Delta Air Lines Inc.","1269","N916DN","2013-09-05T07:59Z","2013-09-05T13:04Z"
"Albuquerque International Sunport","301","Hartsfield-Jackson Atlanta International","2098","Delta Air Lines Inc.","1269","N375D1","2001-05-09T06:55Z","2001-05-09T11:56Z"
"Albuquerque International Sunport","293","Hartsfield-Jackson Atlanta International","1577","Delta Air Lines Inc.","1269","N344NW","2015-05-24T06:20Z","2015-05-24T11:13Z"
"Albuquerque International Sunport","298","Hartsfield-Jackson Atlanta International","1022","Delta Air Lines Inc.","1269","N680DA","2012-05-15T13:11Z","2012-05-15T18:09Z"
"Albuquerque International Sunport","281","Hartsfield-Jackson Atlanta International","1100","Delta Air Lines Inc.","1269","N2819W","1995-01-28T07:40Z","1995-01-28T12:21Z"
"Albuquerque International Sunport","310","Hartsfield-Jackson Atlanta International","602","Delta Air Lines Inc.","1269","N542D1","2001-09-04T11:25Z","2001-09-04T16:35Z"
"Albuquerque International Sunport","303","Hartsfield-Jackson Atlanta International","2098","Delta Air Lines Inc.","1269","N943DL","1997-01-20T07:36Z","1997-01-20T12:39Z"
"Albuquerque International Sunport","298","Hartsfield-Jackson Atlanta International","1022","Delta Air Lines Inc.","1269","N523US","2012-09-12T13:02Z","2012-09-12T18:00Z"
"Albuquerque International Sunport","280","Hartsfield-Jackson Atlanta International","2022","Delta Air Lines Inc.","1269","N912DL","1996-01-17T00:47Z","1996-01-17T05:27Z"
"Albuquerque International Sunport","298","Hartsfield-Jackson Atlanta International","487","Delta Air Lines Inc.","1269","N385D1","2001-01-01T11:52Z","2001-01-01T16:50Z"
"Albuquerque International Sunport","297","Hartsfield-Jackson Atlanta International","2098","Delta Air Lines Inc.","1269","N379DA","2000-09-01T07:58Z","2000-09-01T12:55Z"
"Albuquerque International Sunport","292","Hartsfield-Jackson Atlanta International","2022","Delta Air Lines Inc.","1269","N903DE","1999-09-04T00:45Z","1999-09-04T05:37Z"
"Albuquerque International Sunport","278","Hartsfield-Jackson Atlanta International","2022","Delta Air Lines Inc.","1269","N962DL","1999-05-30T00:55Z","1999-05-30T05:33Z"
"Albuquerque International Sunport","313","Hartsfield-Jackson Atlanta International","944","Delta Air Lines Inc.","1269","N221DL","2000-05-31T11:27Z","2000-05-31T16:40Z"
"Albuquerque International Sunport","300","Hartsfield-Jackson Atlanta International","2022","Delta Air Lines Inc.","1269","N949DL","1996-09-04T00:23Z","1996-09-04T05:23Z"
"Albuquerque International Sunport","299","Hartsfield-Jackson Atlanta International","934","Delta Air Lines Inc.","1269","N3758Y","2004-05-17T06:53Z","2004-05-17T11:52Z"
"Albuquerque International Sunport","305","Hartsfield-Jackson Atlanta International","2098","Delta Air Lines Inc.","1269","N538D1","2001-01-08T07:38Z","2001-01-08T12:43Z"
"Albuquerque International Sunport","270","Hartsfield-Jackson Atlanta International","2022","Delta Air Lines Inc.","1269","N969DL","1998-05-05T00:51Z","1998-05-05T05:21Z"
"Albuquerque International Sunport","270","Hartsfield-Jackson Atlanta International","1100","Delta Air Lines Inc.","1269","N519DA","1995-01-03T07:34Z","1995-01-03T12:04Z"
"Albuquerque International Sunport","299","Hartsfield-Jackson Atlanta International","2098","Delta Air Lines Inc.","1269","N528DA","1999-09-25T07:27Z","1999-09-25T12:26Z"
"Albuquerque International Sunport","330","Hartsfield-Jackson Atlanta International","602","Delta Air Lines Inc.","1269","N2816","2001-05-03T11:50Z","2001-05-03T17:20Z"
"Albuquerque International Sunport","307","Hartsfield-Jackson Atlanta International","944","Delta Air Lines Inc.","1269","N954DL","1998-09-09T11:39Z","1998-09-09T16:46Z"
"Albuquerque International Sunport","282","Hartsfield-Jackson Atlanta International","934","Delta Air Lines Inc.","1269","N385DN","2003-05-02T06:49Z","2003-05-02T11:31Z"
"Albuquerque International Sunport","310","Hartsfield-Jackson Atlanta International","1452","Delta Air Lines Inc.","1269","N972DL","2016-01-14T07:08Z","2016-01-14T12:18Z"
"Albuquerque International Sunport","298","Hartsfield-Jackson Atlanta International","1635","Delta Air Lines Inc.","1269","N909DL","2010-01-09T06:03Z","2010-01-09T11:01Z"
"Albuquerque International Sunport","288","Hartsfield-Jackson Atlanta International","1784","Delta Air Lines Inc.","1269","N633DL","2016-05-15T13:26Z","2016-05-15T18:14Z"
"Albuquerque International Sunport","278","Hartsfield-Jackson Atlanta International","1577","Delta Air Lines Inc.","1269","N627DL","2016-05-01T06:11Z","2016-05-01T10:49Z"
"Albuquerque International Sunport","295","Hartsfield-Jackson Atlanta International","1022","Delta Air Lines Inc.","1269","N916DN","2013-01-23T13:27Z","2013-01-23T18:22Z"
"Albuquerque International Sunport","268","Hartsfield-Jackson Atlanta International","2022","Delta Air Lines Inc.","1269","N641DL","1997-01-26T00:49Z","1997-01-26T05:17Z"
"Albuquerque International Sunport","291","Hartsfield-Jackson Atlanta International","1022","Delta Air Lines Inc.","1269","N933DN","2013-01-28T13:27Z","2013-01-28T18:18Z"
"Albuquerque International Sunport","293","Hartsfield-Jackson Atlanta International","944","Delta Air Lines Inc.","1269","N965DL","1998-05-11T13:44Z","1998-05-11T18:37Z"
"Albuquerque International Sunport","296","Hartsfield-Jackson Atlanta International","1532","Delta Air Lines Inc.","1269","N553NW","2011-09-06T09:27Z","2011-09-06T14:23Z"
"Albuquerque International Sunport","288","Hartsfield-Jackson Atlanta International","1100","Delta Air Lines Inc.","1269","N634DL","1995-09-07T07:35Z","1995-09-07T12:23Z"
"Albuquerque International Sunport","291","Hartsfield-Jackson Atlanta International","1398","Delta Air Lines Inc.","1269","N930DN","2013-09-22T07:53Z","2013-09-22T12:44Z"
"Albuquerque International Sunport","295","Hartsfield-Jackson Atlanta International","2098","Delta Air Lines Inc.","1269","N538DA","1999-01-14T07:25Z","1999-01-14T12:20Z"
"Albuquerque International Sunport","283","Hartsfield-Jackson Atlanta International","2022","Delta Air Lines Inc.","1269","N976DL","1998-09-30T00:35Z","1998-09-30T05:18Z"
"Albuquerque International Sunport","284","Hartsfield-Jackson Atlanta International","2022","Delta Air Lines Inc.","1269","N619DL","1997-01-01T00:54Z","1997-01-01T05:38Z"
"Albuquerque International Sunport","333","Hartsfield-Jackson Atlanta International","1833","Delta Air Lines Inc.","1269","N921DL","2009-09-16T13:15Z","2009-09-16T18:48Z"
"Albuquerque International Sunport","294","Hartsfield-Jackson Atlanta International","1577","Delta Air Lines Inc.","1269","N6701","2016-05-03T06:19Z","2016-05-03T11:13Z"
"Albuquerque International Sunport","285","Hartsfield-Jackson Atlanta International","2098","Delta Air Lines Inc.","1269","N925DL","1997-09-08T07:28Z","1997-09-08T12:13Z"
"Albuquerque International Sunport","285","Hartsfield-Jackson Atlanta International","1976","Delta Air Lines Inc.","1269","N377DA","2009-05-09T13:11Z","2009-05-09T17:56Z"
"Albuquerque International Sunport","288","Hartsfield-Jackson Atlanta International","1452","Delta Air Lines Inc.","1269","N540US","2013-05-16T06:29Z","2013-05-16T11:17Z"
"Albuquerque International Sunport","299","Hartsfield-Jackson Atlanta International","2098","Delta Air Lines Inc.","1269","N982DL","1998-05-26T07:20Z","1998-05-26T12:19Z"
"Albuquerque International Sunport","298","Hartsfield-Jackson Atlanta International","1452","Delta Air Lines Inc.","1269","N388DA","2010-05-30T08:24Z","2010-05-30T13:22Z"
"Albuquerque International Sunport","297","Hartsfield-Jackson Atlanta International","2098","Delta Air Lines Inc.","1269","N231DN","2000-05-25T07:32Z","2000-05-25T12:29Z"
"Albuquerque International Sunport","297","Hartsfield-Jackson Atlanta International","2085","Delta Air Lines Inc.","1269","N698DL","2011-05-11T06:36Z","2011-05-11T11:33Z"
"Albuquerque International Sunport","306","Hartsfield-Jackson Atlanta International","487","Delta Air Lines Inc.","1269","N392D1","2001-01-26T11:24Z","2001-01-26T16:30Z"
"Albuquerque International Sunport","282","Hartsfield-Jackson Atlanta International","1784","Delta Air Lines Inc.","1269","N683DA","2016-05-03T13:26Z","2016-05-03T18:08Z"
"Albuquerque International Sunport","288","Hartsfield-Jackson Atlanta International","1100","Delta Air Lines Inc.","1269","N514DA","1995-05-23T07:35Z","1995-05-23T12:23Z"
"Albuquerque International Sunport","281","Hartsfield-Jackson Atlanta International","2098","Delta Air Lines Inc.","1269","N535D1","2001-09-07T06:50Z","2001-09-07T11:31Z"
"Albuquerque International Sunport","306","Hartsfield-Jackson Atlanta International","2269","Delta Air Lines Inc.","1269","N619DL","2010-05-31T06:05Z","2010-05-31T11:11Z"
"Albuquerque International Sunport","292","Hartsfield-Jackson Atlanta International","2098","Delta Air Lines Inc.","1269","N952DL","1999-05-24T07:30Z","1999-05-24T12:22Z"
"Albuquerque International Sunport","360","Hartsfield-Jackson Atlanta International","1962","Delta Air Lines Inc.","1269","N906DE","2009-09-29T06:15Z","2009-09-29T12:15Z"
"Albuquerque International Sunport","291","Hartsfield-Jackson Atlanta International","2098","Delta Air Lines Inc.","1269","N2815W","1997-05-09T07:30Z","1997-05-09T12:21Z"
"Albuquerque International Sunport","287","Hartsfield-Jackson Atlanta International","934","Delta Air Lines Inc.","1269","N384DA","2004-05-15T06:47Z","2004-05-15T11:34Z"
"Albuquerque International Sunport","293","Hartsfield-Jackson Atlanta International","2098","Delta Air Lines Inc.","1269","N382DA","2003-01-14T06:48Z","2003-01-14T11:41Z"
"Albuquerque International Sunport","312","Hartsfield-Jackson Atlanta International","1976","Delta Air Lines Inc.","1269","N377DA","2009-05-16T13:12Z","2009-05-16T18:24Z"
"Albuquerque International Sunport","279","Hartsfield-Jackson Atlanta International","944","Delta Air Lines Inc.","1269","N919DL","1998-01-12T11:49Z","1998-01-12T16:28Z"
"Albuquerque International Sunport","296","Hartsfield-Jackson Atlanta International","2327","Delta Air Lines Inc.","1269","N682DA","2010-05-11T13:01Z","2010-05-11T17:57Z"
"Albuquerque International Sunport","282","Hartsfield-Jackson Atlanta International","2022","Delta Air Lines Inc.","1269","N652DL","1997-09-13T00:47Z","1997-09-13T05:29Z"
"Albuquerque International Sunport","283","Hartsfield-Jackson Atlanta International","1157","Delta Air Lines Inc.","1269","N659DL","2004-09-18T07:58Z","2004-09-18T12:41Z"
"Albuquerque International Sunport","331","Hartsfield-Jackson Atlanta International","602","Delta Air Lines Inc.","1269","N3741S","2003-05-22T11:19Z","2003-05-22T16:50Z"
"Albuquerque International Sunport","273","Hartsfield-Jackson Atlanta International","2292","Delta Air Lines Inc.","1269","N242DL","2000-01-20T00:30Z","2000-01-20T05:03Z"
"Albuquerque International Sunport","297","Hartsfield-Jackson Atlanta International","1424","Delta Air Lines Inc.","1269","N918DH","2011-09-19T08:45Z","2011-09-19T13:42Z"
"Albuquerque International Sunport","291","Hartsfield-Jackson Atlanta International","944","Delta Air Lines Inc.","1269","N8889Z","1997-09-18T11:48Z","1997-09-18T16:39Z"
"Albuquerque International Sunport","293","Hartsfield-Jackson Atlanta International","934","Delta Air Lines Inc.","1269","N3752","2003-05-27T07:00Z","2003-05-27T11:53Z"
"Albuquerque International Sunport","292","Hartsfield-Jackson Atlanta International","1398","Delta Air Lines Inc.","1269","N965DN","2013-09-16T07:54Z","2013-09-16T12:46Z"
"Albuquerque International Sunport","302","Hartsfield-Jackson Atlanta International","2098","Delta Air Lines Inc.","1269","N950DL","1996-09-24T07:32Z","1996-09-24T12:34Z"
"Albuquerque International Sunport","293","Hartsfield-Jackson Atlanta International","1452","Delta Air Lines Inc.","1269","N906DA","2012-01-01T08:50Z","2012-01-01T13:43Z"
"Albuquerque International Sunport","290","Hartsfield-Jackson Atlanta International","1784","Delta Air Lines Inc.","1269","N531US","2014-09-11T13:05Z","2014-09-11T17:55Z"
"Albuquerque International Sunport","288","Hartsfield-Jackson Atlanta International","1147","Delta Air Lines Inc.","1269","N503US","2011-05-25T07:59Z","2011-05-25T12:47Z"
"Albuquerque International Sunport","279","Hartsfield-Jackson Atlanta International","2098","Delta Air Lines Inc.","1269","N3744","2002-05-02T07:13Z","2002-05-02T11:52Z"
"Albuquerque International Sunport","289","Hartsfield-Jackson Atlanta International","1784","Delta Air Lines Inc.","1269","N941DN","2015-09-08T13:03Z","2015-09-08T17:52Z"
"Albuquerque International Sunport","292","Hartsfield-Jackson Atlanta International","1522","Delta Air Lines Inc.","1269","N918DE","1998-01-06T00:37Z","1998-01-06T05:29Z"
"Albuquerque International Sunport","284","Hartsfield-Jackson Atlanta International","602","Delta Air Lines Inc.","1269","N3771K","2003-01-21T11:50Z","2003-01-21T16:34Z"
"Albuquerque International Sunport","293","Hartsfield-Jackson Atlanta International","1022","Delta Air Lines Inc.","1269","N908DA","2012-01-12T13:46Z","2012-01-12T18:39Z"
"Albuquerque International Sunport","289","Hartsfield-Jackson Atlanta International","1157","Delta Air Lines Inc.","1269","N611DL","2004-09-04T07:56Z","2004-09-04T12:45Z"
"Albuquerque International Sunport","295","Hartsfield-Jackson Atlanta International","602","Delta Air Lines Inc.","1269","N3749D","2003-09-22T11:19Z","2003-09-22T16:14Z"
"Albuquerque International Sunport","313","Hartsfield-Jackson Atlanta International","602","Delta Air Lines Inc.","1269","N8890","2001-05-28T11:30Z","2001-05-28T16:43Z"
"Albuquerque International Sunport","294","Hartsfield-Jackson Atlanta International","2022","Delta Air Lines Inc.","1269","N911DE","1998-09-04T00:41Z","1998-09-04T05:35Z"
"Albuquerque International Sunport","279","Hartsfield-Jackson Atlanta International","2022","Delta Air Lines Inc.","1269","N935DL","1999-01-20T00:44Z","1999-01-20T05:23Z"
"Albuquerque International Sunport","300","Hartsfield-Jackson Atlanta International","2352","Delta Air Lines Inc.","1269","N550NW","2014-05-26T13:19Z","2014-05-26T18:19Z"
"Albuquerque International Sunport","307","Hartsfield-Jackson Atlanta International","1962","Delta Air Lines Inc.","1269","N928DL","2009-05-25T06:24Z","2009-05-25T11:31Z"
"Albuquerque International Sunport","275","Hartsfield-Jackson Atlanta International","602","Delta Air Lines Inc.","1269","N381D1","2002-01-22T11:35Z","2002-01-22T16:10Z"
"Albuquerque International Sunport","300","Hartsfield-Jackson Atlanta International","1478","Delta Air Lines Inc.","1269","N934DN","2012-09-07T10:24Z","2012-09-07T15:24Z"
"Albuquerque International Sunport","291","Hartsfield-Jackson Atlanta International","944","Delta Air Lines Inc.","1269","N920DL","1999-01-26T11:42Z","1999-01-26T16:33Z"
"Albuquerque International Sunport","296","Hartsfield-Jackson Atlanta International","602","Delta Air Lines Inc.","1269","N385DN","2002-09-19T12:44Z","2002-09-19T17:40Z"
"Albuquerque International Sunport","305","Hartsfield-Jackson Atlanta International","562","Delta Air Lines Inc.","1269","N3752","2003-09-13T08:02Z","2003-09-13T13:07Z"
"Albuquerque International Sunport","288","Hartsfield-Jackson Atlanta International","562","Delta Air Lines Inc.","1269","N3748Y","2003-09-09T08:03Z","2003-09-09T12:51Z"
"Albuquerque International Sunport","287","Hartsfield-Jackson Atlanta International","1100","Delta Air Lines Inc.","1269","N909DL","1996-05-23T07:29Z","1996-05-23T12:16Z"
"Albuquerque International Sunport","293","Hartsfield-Jackson Atlanta International","1452","Delta Air Lines Inc.","1269","N915DN","2014-01-29T06:13Z","2014-01-29T11:06Z"
"Albuquerque International Sunport","293","Hartsfield-Jackson Atlanta International","1022","Delta Air Lines Inc.","1269","N348NW","2011-09-16T13:08Z","2011-09-16T18:01Z"
"Albuquerque International Sunport","287","Hartsfield-Jackson Atlanta International","2098","Delta Air Lines Inc.","1269","N375DA","2002-09-29T06:40Z","2002-09-29T11:27Z"
"Albuquerque International Sunport","312","Hartsfield-Jackson Atlanta International","944","Delta Air Lines Inc.","1269","N224DA","2000-05-06T11:29Z","2000-05-06T16:41Z"
"Albuquerque International Sunport","278","Hartsfield-Jackson Atlanta International","2292","Delta Air Lines Inc.","1269","N382D1","2001-01-22T00:18Z","2001-01-22T04:56Z"
"Albuquerque International Sunport","281","Hartsfield-Jackson Atlanta International","2022","Delta Air Lines Inc.","1269","N987DL","1999-09-29T00:45Z","1999-09-29T05:26Z"
"Albuquerque International Sunport","328","Hartsfield-Jackson Atlanta International","1896","Delta Air Lines Inc.","1269","N380DA","2000-09-06T11:29Z","2000-09-06T16:57Z"
"Albuquerque International Sunport","290","Hartsfield-Jackson Atlanta International","2022","Delta Air Lines Inc.","1269","N641DL","1997-05-15T00:53Z","1997-05-15T05:43Z"
"Albuquerque International Sunport","284","Hartsfield-Jackson Atlanta International","934","Delta Air Lines Inc.","1269","N371DA","2004-09-12T06:32Z","2004-09-12T11:16Z"
"Albuquerque International Sunport","293","Hartsfield-Jackson Atlanta International","1962","Delta Air Lines Inc.","1269","N936DL","2009-09-26T06:17Z","2009-09-26T11:10Z"
"Albuquerque International Sunport","291","Hartsfield-Jackson Atlanta International","2022","Delta Air Lines Inc.","1269","N933DL","1996-09-29T00:53Z","1996-09-29T05:44Z"
"Albuquerque International Sunport","292","Hartsfield-Jackson Atlanta International","2022","Delta Air Lines Inc.","1269","N982DL","1996-05-17T00:49Z","1996-05-17T05:41Z"
"Albuquerque International Sunport","302","Hartsfield-Jackson Atlanta International","1452","Delta Air Lines Inc.","1269","N939DL","2010-09-19T08:13Z","2010-09-19T13:15Z"
"Albuquerque International Sunport","271","Hartsfield-Jackson Atlanta International","1522","Delta Air Lines Inc.","1269","N941DL","1998-01-31T00:25Z","1998-01-31T04:56Z"
"Albuquerque International Sunport","298","Hartsfield-Jackson Atlanta International","1022","Delta Air Lines Inc.","1269","N932DN","2012-01-08T13:31Z","2012-01-08T18:29Z"
"Albuquerque International Sunport","313","Hartsfield-Jackson Atlanta International","944","Delta Air Lines Inc.","1269","N222DZ","2000-01-31T11:31Z","2000-01-31T16:44Z"
"Albuquerque International Sunport","298","Hartsfield-Jackson Atlanta International","2098","Delta Air Lines Inc.","1269","N971DL","1998-05-01T07:20Z","1998-05-01T12:18Z"
"Albuquerque International Sunport","296","Hartsfield-Jackson Atlanta International","2352","Delta Air Lines Inc.","1269","N548US","2014-05-10T13:31Z","2014-05-10T18:27Z"
"Albuquerque International Sunport","302","Hartsfield-Jackson Atlanta International","944","Delta Air Lines Inc.","1269","N976DL","1999-09-09T11:26Z","1999-09-09T16:28Z"
"Albuquerque International Sunport","289","Hartsfield-Jackson Atlanta International","2098","Delta Air Lines Inc.","1269","N232DZ","2000-01-25T07:28Z","2000-01-25T12:17Z"
"Albuquerque International Sunport","310","Hartsfield-Jackson Atlanta International","527","Delta Air Lines Inc.","1269","N521US","2013-09-08T13:21Z","2013-09-08T18:31Z"
"Albuquerque International Sunport","299","Hartsfield-Jackson Atlanta International","1260","Delta Air Lines Inc.","1269","N390DA","2004-05-28T11:19Z","2004-05-28T16:18Z"
"Albuquerque International Sunport","286","Hartsfield-Jackson Atlanta International","2098","Delta Air Lines Inc.","1269","N37700","2002-09-04T06:44Z","2002-09-04T11:30Z"
"Albuquerque International Sunport","311","Hartsfield-Jackson Atlanta International","1784","Delta Air Lines Inc.","1269","N617DL","2015-05-28T13:03Z","2015-05-28T18:14Z"
"Albuquerque International Sunport","304","Hartsfield-Jackson Atlanta International","527","Delta Air Lines Inc.","1269","N539US","2013-09-07T13:16Z","2013-09-07T18:20Z"
"Albuquerque International Sunport","297","Hartsfield-Jackson Atlanta International","1298","Delta Air Lines Inc.","1269","N932DL","2009-09-20T08:13Z","2009-09-20T13:10Z"
"Albuquerque International Sunport","302","Hartsfield-Jackson Atlanta International","1060","Delta Air Lines Inc.","1269","N689DL","2004-05-06T07:56Z","2004-05-06T12:58Z"
"Albuquerque International Sunport","291","Hartsfield-Jackson Atlanta International","2098","Delta Air Lines Inc.","1269","N390DA","2000-09-26T07:32Z","2000-09-26T12:23Z"
"Albuquerque International Sunport","294","Hartsfield-Jackson Atlanta International","944","Delta Air Lines Inc.","1269","N935DL","1999-01-01T11:46Z","1999-01-01T16:40Z"
"Albuquerque International Sunport","284","Hartsfield-Jackson Atlanta International","1452","Delta Air Lines Inc.","1269","N916DN","2013-01-18T06:23Z","2013-01-18T11:07Z"
"Albuquerque International Sunport","281","Hartsfield-Jackson Atlanta International","2292","Delta Air Lines Inc.","1269","N394DA","2000-09-22T00:26Z","2000-09-22T05:07Z"
"Albuquerque International Sunport","298","Hartsfield-Jackson Atlanta International","2068","Delta Air Lines Inc.","1269","N552NW","2015-09-29T07:54Z","2015-09-29T12:52Z"
"Albuquerque International Sunport","315","Hartsfield-Jackson Atlanta International","2041","Delta Air Lines Inc.","1269","N616DL","2009-05-29T08:38Z","2009-05-29T13:53Z"
"Albuquerque International Sunport","292","Hartsfield-Jackson Atlanta International","1577","Delta Air Lines Inc.","1269","N687DL","2016-05-11T06:18Z","2016-05-11T11:10Z"
"Albuquerque International Sunport","285","Hartsfield-Jackson Atlanta International","2098","Delta Air Lines Inc.","1269","N542D1","2002-01-18T06:57Z","2002-01-18T11:42Z"
"Albuquerque International Sunport","297","Hartsfield-Jackson Atlanta International","1022","Delta Air Lines Inc.","1269","N553NW","2012-09-18T13:01Z","2012-09-18T17:58Z"
"Albuquerque International Sunport","292","Hartsfield-Jackson Atlanta International","1452","Delta Air Lines Inc.","1269","N960DN","2014-09-22T06:20Z","2014-09-22T11:12Z"
"Albuquerque International Sunport","282","Hartsfield-Jackson Atlanta International","2098","Delta Air Lines Inc.","1269","N942DL","1998-01-25T07:59Z","1998-01-25T12:41Z"
"Albuquerque International Sunport","301","Hartsfield-Jackson Atlanta International","602","Delta Air Lines Inc.","1269","N3764D","2002-05-21T11:26Z","2002-05-21T16:27Z"
"Albuquerque International Sunport","301","Hartsfield-Jackson Atlanta International","1452","Delta Air Lines Inc.","1269","N912DN","2014-09-11T06:19Z","2014-09-11T11:20Z"
"Albuquerque International Sunport","287","Hartsfield-Jackson Atlanta International","1784","Delta Air Lines Inc.","1269","N525US","2014-09-19T13:07Z","2014-09-19T17:54Z"
"Albuquerque International Sunport","276","Hartsfield-Jackson Atlanta International","1100","Delta Air Lines Inc.","1269","N902DE","1996-01-23T07:30Z","1996-01-23T12:06Z"
"Albuquerque International Sunport","294","Hartsfield-Jackson Atlanta International","1976","Delta Air Lines Inc.","1269","N3739P","2009-05-30T13:15Z","2009-05-30T18:09Z"
"Albuquerque International Sunport","308","Hartsfield-Jackson Atlanta International","1692","Delta Air Lines Inc.","1269","N970DL","2010-01-30T13:12Z","2010-01-30T18:20Z"
"Albuquerque International Sunport","280","Hartsfield-Jackson Atlanta International","1398","Delta Air Lines Inc.","1269","N921DL","2014-01-05T07:28Z","2014-01-05T12:08Z"
"Albuquerque International Sunport","281","Hartsfield-Jackson Atlanta International","2292","Delta Air Lines Inc.","1269","N393D1","2001-09-01T00:49Z","2001-09-01T05:30Z"
"Albuquerque International Sunport","296","Hartsfield-Jackson Atlanta International","1452","Delta Air Lines Inc.","1269","N388DA","2010-05-21T08:27Z","2010-05-21T13:23Z"
"Albuquerque International Sunport","298","Hartsfield-Jackson Atlanta International","2327","Delta Air Lines Inc.","1269","N688DL","2010-05-23T13:09Z","2010-05-23T18:07Z"
"Albuquerque International Sunport","293","Hartsfield-Jackson Atlanta International","1532","Delta Air Lines Inc.","1269","N3731T","2010-09-01T06:01Z","2010-09-01T10:54Z"
"Albuquerque International Sunport","297","Hartsfield-Jackson Atlanta International","1298","Delta Air Lines Inc.","1269","N923DL","2009-09-01T08:14Z","2009-09-01T13:11Z"
"Albuquerque International Sunport","300","Hartsfield-Jackson Atlanta International","2098","Delta Air Lines Inc.","1269","N3754A","2002-05-27T07:01Z","2002-05-27T12:01Z"
"Albuquerque International Sunport","303","Hartsfield-Jackson Atlanta International","944","Delta Air Lines Inc.","1269","N931DL","1999-05-10T14:06Z","1999-05-10T19:09Z"
"Albuquerque International Sunport","333","Hartsfield-Jackson Atlanta International","1260","Delta Air Lines Inc.","1269","N3768","2004-05-17T11:18Z","2004-05-17T16:51Z"
"Albuquerque International Sunport","307","Hartsfield-Jackson Atlanta International","1452","Delta Air Lines Inc.","1269","N553NW","2014-05-25T07:07Z","2014-05-25T12:14Z"
"Albuquerque International Sunport","301","Hartsfield-Jackson Atlanta International","1664","Delta Air Lines Inc.","1269","N915DL","2009-01-08T08:28Z","2009-01-08T13:29Z"
"Albuquerque International Sunport","286","Hartsfield-Jackson Atlanta International","1692","Delta Air Lines Inc.","1269","N909DE","2010-01-06T13:10Z","2010-01-06T17:56Z"
"Albuquerque International Sunport","294","Hartsfield-Jackson Atlanta International","1022","Delta Air Lines Inc.","1269","N901DA","2013-01-25T13:30Z","2013-01-25T18:24Z"
"Albuquerque International Sunport","285","Hartsfield-Jackson Atlanta International","2022","Delta Air Lines Inc.","1269","N939DL","1999-05-04T00:58Z","1999-05-04T05:43Z"
"Albuquerque International Sunport","335","Baltimore/Washington International Thurgood Marshall","1604","Southwest Airlines Co.","1670","N746","2003-09-09T15:25Z","2003-09-09T21:00Z"
"Albuquerque International Sunport","325","Baltimore/Washington International Thurgood Marshall","624","Southwest Airlines Co.","1670","N469WN","2013-01-20T07:09Z","2013-01-20T12:34Z"
"Albuquerque International Sunport","325","Baltimore/Washington International Thurgood Marshall","2291","Southwest Airlines Co.","1670","N404WN","2015-01-13T18:05Z","2015-01-13T23:30Z"
"Albuquerque International Sunport","335","Baltimore/Washington International Thurgood Marshall","1753","Southwest Airlines Co.","1670","N424WN","2010-01-15T10:09Z","2010-01-15T15:44Z"
"Albuquerque International Sunport","337","Baltimore/Washington International Thurgood Marshall","2846","Southwest Airlines Co.","1670","N711HK","2016-05-10T15:24Z","2016-05-10T21:01Z"
"Albuquerque International Sunport","330","Baltimore/Washington International Thurgood Marshall","3301","Southwest Airlines Co.","1670","N768SW","2015-05-07T16:05Z","2015-05-07T21:35Z"
"Albuquerque International Sunport","343","Baltimore/Washington International Thurgood Marshall","652","Southwest Airlines Co.","1670","N447WN","2014-09-23T15:27Z","2014-09-23T21:10Z"
"Albuquerque International Sunport","329","Baltimore/Washington International Thurgood Marshall","4297","Southwest Airlines Co.","1670","N708SW","2014-05-17T13:48Z","2014-05-17T19:17Z"
"Albuquerque International Sunport","393","Baltimore/Washington International Thurgood Marshall","2489","Southwest Airlines Co.","1670","N551WN","2011-09-28T15:45Z","2011-09-28T22:18Z"
"Albuquerque International Sunport","332","Baltimore/Washington International Thurgood Marshall","2291","Southwest Airlines Co.","1670","N418WN","2015-01-28T17:39Z","2015-01-28T23:11Z"
"Albuquerque International Sunport","319","Baltimore/Washington International Thurgood Marshall","1039","Southwest Airlines Co.","1670","N424WN","2010-09-07T15:16Z","2010-09-07T20:35Z"
"Albuquerque International Sunport","346","Baltimore/Washington International Thurgood Marshall","3865","Southwest Airlines Co.","1670","N927WN","2012-01-02T07:32Z","2012-01-02T13:18Z"
"Albuquerque International Sunport","345","Baltimore/Washington International Thurgood Marshall","2483","Southwest Airlines Co.","1670","N782SA","2012-05-11T15:01Z","2012-05-11T20:46Z"
"Albuquerque International Sunport","391","Baltimore/Washington International Thurgood Marshall","1604","Southwest Airlines Co.","1670","N786@@","2001-05-11T15:10Z","2001-05-11T21:41Z"
"Albuquerque International Sunport","331","Baltimore/Washington International Thurgood Marshall","2761","Southwest Airlines Co.","1670","N496WN","2009-01-09T14:29Z","2009-01-09T20:00Z"
"Albuquerque International Sunport","326","Baltimore/Washington International Thurgood Marshall","2489","Southwest Airlines Co.","1670","N277WN","2011-09-15T15:25Z","2011-09-15T20:51Z"
"Albuquerque International Sunport","313","Baltimore/Washington International Thurgood Marshall","1604","Southwest Airlines Co.","1670","N706@@","2002-01-13T15:25Z","2002-01-13T20:38Z"
"Albuquerque International Sunport","354","Baltimore/Washington International Thurgood Marshall","705","Southwest Airlines Co.","1670","N910WN","2009-09-14T08:52Z","2009-09-14T14:46Z"
"Albuquerque International Sunport","337","Baltimore/Washington International Thurgood Marshall","2483","Southwest Airlines Co.","1670","N969WN","2012-05-29T17:26Z","2012-05-29T23:03Z"
"Albuquerque International Sunport","327","Baltimore/Washington International Thurgood Marshall","1604","Southwest Airlines Co.","1670","N753","2004-01-22T15:55Z","2004-01-22T21:22Z"
"Albuquerque International Sunport","335","Baltimore/Washington International Thurgood Marshall","2964","Southwest Airlines Co.","1670","N242WN","2015-09-14T14:24Z","2015-09-14T19:59Z"
"Albuquerque International Sunport","337","Baltimore/Washington International Thurgood Marshall","1158","Southwest Airlines Co.","1670","N910WN","2013-09-18T06:29Z","2013-09-18T12:06Z"
"Albuquerque International Sunport","328","Baltimore/Washington International Thurgood Marshall","1336","Southwest Airlines Co.","1670","N8659D","2015-05-14T06:22Z","2015-05-14T11:50Z"
"Albuquerque International Sunport","345","Baltimore/Washington International Thurgood Marshall","3586","Southwest Airlines Co.","1670","N932WN","2014-05-30T14:45Z","2014-05-30T20:30Z"
"Albuquerque International Sunport","361","Baltimore/Washington International Thurgood Marshall","3301","Southwest Airlines Co.","1670","N739GB","2015-05-06T15:54Z","2015-05-06T21:55Z"
"Albuquerque International Sunport","327","Baltimore/Washington International Thurgood Marshall","409","Southwest Airlines Co.","1670","N718SW","2012-09-06T09:54Z","2012-09-06T15:21Z"
"Albuquerque International Sunport","342","Baltimore/Washington International Thurgood Marshall","2483","Southwest Airlines Co.","1670","N414WN","2012-05-02T15:00Z","2012-05-02T20:42Z"
"Albuquerque International Sunport","329","Baltimore/Washington International Thurgood Marshall","1319","Southwest Airlines Co.","1670","N237WN","2009-05-11T09:02Z","2009-05-11T14:31Z"
"Albuquerque International Sunport","335","Baltimore/Washington International Thurgood Marshall","591","Southwest Airlines Co.","1670","N296WN","2013-09-24T13:48Z","2013-09-24T19:23Z"
"Albuquerque International Sunport","341","Baltimore/Washington International Thurgood Marshall","1692","Southwest Airlines Co.","1670","N732SW","2013-05-07T07:10Z","2013-05-07T12:51Z"
"Albuquerque International Sunport","342","Baltimore/Washington International Thurgood Marshall","2356","Southwest Airlines Co.","1670","N494WN","2009-05-17T16:07Z","2009-05-17T21:49Z"
"Albuquerque International Sunport","331","Baltimore/Washington International Thurgood Marshall","1604","Southwest Airlines Co.","1670","N761","2003-09-14T15:40Z","2003-09-14T21:11Z"
"Albuquerque International Sunport","320","Baltimore/Washington International Thurgood Marshall","1604","Southwest Airlines Co.","1670","N753","2002-09-13T15:25Z","2002-09-13T20:45Z"
"Albuquerque International Sunport","337","Baltimore/Washington International Thurgood Marshall","2581","Southwest Airlines Co.","1670","N774SW","2011-01-27T11:59Z","2011-01-27T17:36Z"
"Albuquerque International Sunport","341","Baltimore/Washington International Thurgood Marshall","2060","Southwest Airlines Co.","1670","N8662F","2015-09-01T07:22Z","2015-09-01T13:03Z"
"Albuquerque International Sunport","333","Baltimore/Washington International Thurgood Marshall","310","Southwest Airlines Co.","1670","N215WN","2009-09-19T09:58Z","2009-09-19T15:31Z"
"Albuquerque International Sunport","331","Baltimore/Washington International Thurgood Marshall","1604","Southwest Airlines Co.","1670","N763@@","2001-01-18T15:15Z","2001-01-18T20:46Z"
"Albuquerque International Sunport","337","Baltimore/Washington International Thurgood Marshall","987","Southwest Airlines Co.","1670","N224WN","2010-09-17T09:56Z","2010-09-17T15:33Z"
"Albuquerque International Sunport","345","Baltimore/Washington International Thurgood Marshall","364","Southwest Airlines Co.","1670","N8322X","2016-05-05T07:02Z","2016-05-05T12:47Z"
"Albuquerque International Sunport","336","Baltimore/Washington International Thurgood Marshall","198","Southwest Airlines Co.","1670","N7712G","2016-05-28T10:53Z","2016-05-28T16:29Z"
"Albuquerque International Sunport","351","Baltimore/Washington International Thurgood Marshall","2964","Southwest Airlines Co.","1670","N7705A","2015-09-29T14:24Z","2015-09-29T20:15Z"
"Albuquerque International Sunport","388","Baltimore/Washington International Thurgood Marshall","1604","Southwest Airlines Co.","1670","N719@@","2001-09-22T14:50Z","2001-09-22T21:18Z"
"Albuquerque International Sunport","340","Baltimore/Washington International Thurgood Marshall","1319","Southwest Airlines Co.","1670","N286WN","2009-05-22T09:04Z","2009-05-22T14:44Z"
"Albuquerque International Sunport","347","Baltimore/Washington International Thurgood Marshall","2489","Southwest Airlines Co.","1670","N212WN","2011-09-20T15:27Z","2011-09-20T21:14Z"
"Albuquerque International Sunport","324","Baltimore/Washington International Thurgood Marshall","1604","Southwest Airlines Co.","1670","N725","2002-05-09T15:42Z","2002-05-09T21:06Z"
"Albuquerque International Sunport","332","Baltimore/Washington International Thurgood Marshall","1158","Southwest Airlines Co.","1670","N768SW","2013-09-22T06:35Z","2013-09-22T12:07Z"
"Albuquerque International Sunport","337","Baltimore/Washington International Thurgood Marshall","3969","Southwest Airlines Co.","1670","N280WN","2009-09-13T15:00Z","2009-09-13T20:37Z"
"Albuquerque International Sunport","336","Baltimore/Washington International Thurgood Marshall","4297","Southwest Airlines Co.","1670","N491WN","2014-05-31T14:10Z","2014-05-31T19:46Z"
"Albuquerque International Sunport","345","Baltimore/Washington International Thurgood Marshall","1151","Southwest Airlines Co.","1670","N791SW","2013-09-07T13:46Z","2013-09-07T19:31Z"
"Albuquerque International Sunport","341","Baltimore/Washington International Thurgood Marshall","1604","Southwest Airlines Co.","1670","N771","2002-09-06T15:25Z","2002-09-06T21:06Z"
"Albuquerque International Sunport","328","Baltimore/Washington International Thurgood Marshall","729","Southwest Airlines Co.","1670","N493WN","2012-09-22T07:30Z","2012-09-22T12:58Z"
"Albuquerque International Sunport","312","Baltimore/Washington International Thurgood Marshall","3567","Southwest Airlines Co.","1670","N789SW","2011-01-04T08:31Z","2011-01-04T13:43Z"
"Albuquerque International Sunport","336","Baltimore/Washington International Thurgood Marshall","1883","Southwest Airlines Co.","1670","N422WN","2012-05-09T11:00Z","2012-05-09T16:36Z"
"Albuquerque International Sunport","341","Baltimore/Washington International Thurgood Marshall","1883","Southwest Airlines Co.","1670","N221WN","2012-05-17T10:40Z","2012-05-17T16:21Z"
"Albuquerque International Sunport","327","Baltimore/Washington International Thurgood Marshall","624","Southwest Airlines Co.","1670","N468WN","2013-01-24T07:08Z","2013-01-24T12:35Z"
"Albuquerque International Sunport","332","Baltimore/Washington International Thurgood Marshall","3684","Southwest Airlines Co.","1670","N411WN","2012-09-30T10:21Z","2012-09-30T15:53Z"
"Albuquerque International Sunport","336","Baltimore/Washington International Thurgood Marshall","1247","Southwest Airlines Co.","1670","N244WN","2014-09-01T07:06Z","2014-09-01T12:42Z"
"Albuquerque International Sunport","326","Baltimore/Washington International Thurgood Marshall","721","Southwest Airlines Co.","1670","N459","2004-09-03T15:35Z","2004-09-03T21:01Z"
"Albuquerque International Sunport","217","Chicago Midway International","455","Southwest Airlines Co.","1121","N482WN","2015-01-04T17:14Z","2015-01-04T20:51Z"
"Albuquerque International Sunport","234","Chicago Midway International","586","Southwest Airlines Co.","1121","N366SW","2009-01-07T17:31Z","2009-01-07T21:25Z"
"Albuquerque International Sunport","205","Chicago Midway International","980","Southwest Airlines Co.","1121","N732SW","2009-01-26T15:49Z","2009-01-26T19:14Z"
"Albuquerque International Sunport","208","Chicago Midway International","1598","Southwest Airlines Co.","1121","N406WN","2013-05-17T15:37Z","2013-05-17T19:05Z"
"Albuquerque International Sunport","211","Chicago Midway International","998","Southwest Airlines Co.","1121","N730SW","2014-05-30T17:15Z","2014-05-30T20:46Z"
"Albuquerque International Sunport","208","Chicago Midway International","2717","Southwest Airlines Co.","1121","N259WN","2009-09-19T14:12Z","2009-09-19T17:40Z"
"Albuquerque International Sunport","210","Chicago Midway International","913","Southwest Airlines Co.","1121","N210WN","2010-09-24T07:30Z","2010-09-24T11:00Z"
"Albuquerque International Sunport","212","Chicago Midway International","1693","Southwest Airlines Co.","1121","N427WN","2010-01-18T07:16Z","2010-01-18T10:48Z"
"Albuquerque International Sunport","215","Chicago Midway International","1598","Southwest Airlines Co.","1121","N945WN","2013-05-06T15:23Z","2013-05-06T18:58Z"
"Albuquerque International Sunport","210","Chicago Midway International","1479","Southwest Airlines Co.","1121","N916WN","2011-05-19T06:09Z","2011-05-19T09:39Z"
"Albuquerque International Sunport","220","Chicago Midway International","2312","Southwest Airlines Co.","1121","N401@@","2001-09-25T10:05Z","2001-09-25T13:45Z"
"Albuquerque International Sunport","212","Chicago Midway International","1740","Southwest Airlines Co.","1121","N931WN","2011-09-06T05:57Z","2011-09-06T09:29Z"
"Albuquerque International Sunport","197","Chicago Midway International","552","Southwest Airlines Co.","1121","N746SW","2013-01-14T09:50Z","2013-01-14T13:07Z"
"Albuquerque International Sunport","213","Chicago Midway International","2991","Southwest Airlines Co.","1121","N290WN","2016-05-13T16:57Z","2016-05-13T20:30Z"
"Albuquerque International Sunport","209","Chicago Midway International","2671","Southwest Airlines Co.","1121","N201LV","2015-05-17T06:01Z","2015-05-17T09:30Z"
"Albuquerque International Sunport","222","Chicago Midway International","1786","Southwest Airlines Co.","1121","N423WN","2010-01-03T16:33Z","2010-01-03T20:15Z"
"Albuquerque International Sunport","205","Chicago Midway International","1663","Southwest Airlines Co.","1121","N629","2000-09-02T17:00Z","2000-09-02T20:25Z"
"Albuquerque International Sunport","213","Chicago Midway International","2312","Southwest Airlines Co.","1121","N729","2002-05-23T09:40Z","2002-05-23T13:13Z"
"Albuquerque International Sunport","212","Chicago Midway International","2109","Southwest Airlines Co.","1121","N508SW","2012-01-25T07:33Z","2012-01-25T11:05Z"
"Albuquerque International Sunport","210","Chicago Midway International","2269","Southwest Airlines Co.","1121","N717SA","2015-09-09T17:00Z","2015-09-09T20:30Z"
"Albuquerque International Sunport","202","Chicago Midway International","1031","Southwest Airlines Co.","1121","N776","2003-05-07T10:30Z","2003-05-07T13:52Z"
"Albuquerque International Sunport","199","Chicago Midway International","2109","Southwest Airlines Co.","1121","N478WN","2012-01-16T07:31Z","2012-01-16T10:50Z"
"Albuquerque International Sunport","219","Chicago Midway International","1013","Southwest Airlines Co.","1121","N731SA","2009-05-21T11:40Z","2009-05-21T15:19Z"
"Albuquerque International Sunport","222","Chicago Midway International","2493","Southwest Airlines Co.","1121","N7812G","2014-09-23T09:09Z","2014-09-23T12:51Z"
"Albuquerque International Sunport","212","Chicago Midway International","551","Southwest Airlines Co.","1121","N527SW","2010-05-14T15:32Z","2010-05-14T19:04Z"
"Albuquerque International Sunport","221","Chicago Midway International","1286","Southwest Airlines Co.","1121","N286WN","2011-09-10T14:44Z","2011-09-10T18:25Z"
"Albuquerque International Sunport","217","Chicago Midway International","1740","Southwest Airlines Co.","1121","N525SW","2011-09-13T06:02Z","2011-09-13T09:39Z"
"Albuquerque International Sunport","212","Chicago Midway International","786","Southwest Airlines Co.","1121","N959WN","2014-01-12T16:18Z","2014-01-12T19:50Z"
"Albuquerque International Sunport","201","Chicago Midway International","1043","Southwest Airlines Co.","1121","N427WN","2013-01-02T09:24Z","2013-01-02T12:45Z"
"Albuquerque International Sunport","217","Chicago Midway International","474","Southwest Airlines Co.","1121","N484WN","2012-05-04T05:56Z","2012-05-04T09:33Z"
"Albuquerque International Sunport","256","Chicago Midway International","225","Southwest Airlines Co.","1121","N701GS","2013-09-18T17:24Z","2013-09-18T21:40Z"
"Albuquerque International Sunport","218","Chicago Midway International","650","Southwest Airlines Co.","1121","N926WN","2011-01-07T06:41Z","2011-01-07T10:19Z"
"Albuquerque International Sunport","224","Chicago Midway International","225","Southwest Airlines Co.","1121","N714CB","2013-09-03T17:47Z","2013-09-03T21:31Z"
"Albuquerque International Sunport","225","Chicago Midway International","1740","Southwest Airlines Co.","1121","N611SW","2011-09-26T06:03Z","2011-09-26T09:48Z"
"Albuquerque International Sunport","211","Chicago Midway International","1648","Southwest Airlines Co.","1121","N268WN","2016-01-07T06:46Z","2016-01-07T10:17Z"
"Albuquerque International Sunport","211","Chicago Midway International","263","Southwest Airlines Co.","1121","N771SA","2011-05-26T13:07Z","2011-05-26T16:38Z"
"Albuquerque International Sunport","217","Chicago Midway International","3945","Southwest Airlines Co.","1121","N426WN","2009-01-31T06:59Z","2009-01-31T10:36Z"
"Albuquerque International Sunport","214","Chicago Midway International","474","Southwest Airlines Co.","1121","N498WN","2012-05-14T05:59Z","2012-05-14T09:33Z"
"Albuquerque International Sunport","231","Chicago Midway International","256","Southwest Airlines Co.","1121","N937WN","2010-01-08T06:51Z","2010-01-08T10:42Z"
"Albuquerque International Sunport","215","Chicago Midway International","136","Southwest Airlines Co.","1121","N414WN","2009-09-04T07:08Z","2009-09-04T10:43Z"
"Albuquerque International Sunport","201","Chicago Midway International","755","Southwest Airlines Co.","1121","N956WN","2014-01-31T08:51Z","2014-01-31T12:12Z"
"Albuquerque International Sunport","207","Chicago Midway International","1612","Southwest Airlines Co.","1121","N746","2003-01-24T07:55Z","2003-01-24T11:22Z"
