"AirportCode","Airline","FlightCount"
"ATL","Delta Air Lines Inc.","34751"
"DFW","American Airlines Inc.","26782"
"ORD","United Air Lines Inc.","17754"
"CLT","US Airways Inc.","16225"
"ORD","American Airlines Inc.","13821"
"DEN","United Air Lines Inc.","12930"
"DTW","Northwest Airlines Inc.","11550"
"MSP","Northwest Airlines Inc.","11251"
"IAH","Continental Air Lines Inc.","11240"
"LAS","Southwest Airlines Co.","11048"
"PHX","Southwest Airlines Co.","10194"
"SFO","United Air Lines Inc.","10151"
"PHL","US Airways Inc.","9775"
"MDW","Southwest Airlines Co.","9637"
"PIT","US Airways Inc.","8759"
"ATL","ExpressJet Airlines Inc.","8638"
"HOU","Southwest Airlines Co.","7819"
"DFW","Envoy Air","7775"
"BWI","Southwest Airlines Co.","7755"
"SEA","Alaska Airlines Inc.","7731"
"STL","Trans World Airways LLC","7729"
"EWR","Continental Air Lines Inc.","7661"
"ORD","Envoy Air","7432"
"SLC","Delta Air Lines Inc.","7401"
"LAX","United Air Lines Inc.","7316"
"MIA","American Airlines Inc.","7244"
"CVG","Delta Air Lines Inc.","7148"
"DAL","Southwest Airlines Co.","7140"
"LAX","Southwest Airlines Co.","6944"
"PHX","America West Airlines Inc.","6800"
"OAK","Southwest Airlines Co.","6660"
"SLC","SkyWest Airlines Inc.","5660"
"SAN","Southwest Airlines Co.","5145"
"LAX","American Airlines Inc.","5145"
"STL","Southwest Airlines Co.","4733"
"ATL","AirTran Airways Corporation","4686"
"DFW","Delta Air Lines Inc.","4561"
"BNA","Southwest Airlines Co.","4472"
"LAX","SkyWest Airlines Inc.","4469"
"DEN","SkyWest Airlines Inc.","4314"
"MSP","Delta Air Lines Inc.","4182"
"DCA","US Airways Inc.","4160"
"SJC","Southwest Airlines Co.","4152"
"LGA","Delta Air Lines Inc.","4067"
"PHX","US Airways Inc.","4043"
"MCO","Southwest Airlines Co.","4008"
"SFO","SkyWest Airlines Inc.","3966"
"SMF","Southwest Airlines Co.","3953"
"IAD","United Air Lines Inc.","3950"
"DTW","Delta Air Lines Inc.","3942"
"DEN","Southwest Airlines Co.","3837"
"JFK","JetBlue Airways","3782"
"MEM","Northwest Airlines Inc.","3771"
"MCO","Delta Air Lines Inc.","3746"
"BOS","US Airways Inc.","3643"
"IAH","ExpressJet Airlines Inc. (1)","3585"
"MCI","Southwest Airlines Co.","3461"
"IAH","United Air Lines Inc.","3343"
"ABQ","Southwest Airlines Co.","3282"
"TPA","Southwest Airlines Co.","3248"
"LAX","Delta Air Lines Inc.","3246"
"LGA","US Airways Inc.","3246"
"LGA","American Airlines Inc.","3122"
"EWR","United Air Lines Inc.","3116"
"CLE","Continental Air Lines Inc.","3021"
"IAH","ExpressJet Airlines Inc.","3013"
"BUR","Southwest Airlines Co.","3009"
"BOS","Delta Air Lines Inc.","2939"
"MSY","Southwest Airlines Co.","2925"
"LAS","America West Airlines Inc.","2864"
"ONT","Southwest Airlines Co.","2857"
"AUS","Southwest Airlines Co.","2806"
"STL","American Airlines Inc.","2798"
"SAT","Southwest Airlines Co.","2731"
"DEN","Frontier Airlines Inc.","2716"
"JFK","Delta Air Lines Inc.","2715"
"HNL","Hawaiian Airlines Inc.","2688"
"ANC","Alaska Airlines Inc.","2591"
"ORD","SkyWest Airlines Inc.","2584"
"BOS","American Airlines Inc.","2464"
"BOS","JetBlue Airways","2461"
"BWI","US Airways Inc.","2457"
"PDX","Alaska Airlines Inc.","2420"
"ORD","ExpressJet Airlines Inc.","2337"
"SLC","Southwest Airlines Co.","2303"
"JFK","American Airlines Inc.","2295"
"ELP","Southwest Airlines Co.","2237"
"SEA","Southwest Airlines Co.","2212"
"FLL","Southwest Airlines Co.","2172"
"SEA","United Air Lines Inc.","2137"
"LAS","United Air Lines Inc.","2135"
"EWR","ExpressJet Airlines Inc. (1)","2107"
"DCA","Delta Air Lines Inc.","2084"
"RNO","Southwest Airlines Co.","2057"
"SFO","American Airlines Inc.","2026"
"DCA","American Airlines Inc.","2009"
"MCO","US Airways Inc.","2000"
"PDX","Southwest Airlines Co.","1967"
"FLL","Delta Air Lines Inc.","1949"
"BOS","United Air Lines Inc.","1948"
"TPA","Delta Air Lines Inc.","1928"
"SNA","Southwest Airlines Co.","1899"
"SJU","American Airlines Inc.","1819"
"LAX","Envoy Air","1754"
"LAS","Delta Air Lines Inc.","1692"
"SAN","United Air Lines Inc.","1670"
"DTW","Endeavor Air Inc.","1654"
"MCO","American Airlines Inc.","1638"
"EWR","ExpressJet Airlines Inc.","1635"
"PHX","American Airlines Inc.","1592"
"DFW","ExpressJet Airlines Inc.","1570"
"CLE","ExpressJet Airlines Inc. (1)","1565"
"TPA","US Airways Inc.","1549"
"AUS","American Airlines Inc.","1546"
"SFO","Delta Air Lines Inc.","1500"
"PHL","American Airlines Inc.","1496"
"LGA","Envoy Air","1490"
"PHX","United Air Lines Inc.","1489"
"SFO","Southwest Airlines Co.","1468"
"LAS","American Airlines Inc.","1468"
"CVG","Comair Inc.","1444"
"SEA","Delta Air Lines Inc.","1438"
"PDX","United Air Lines Inc.","1403"
"MSP","SkyWest Airlines Inc.","1396"
"LGA","United Air Lines Inc.","1390"
"EWR","American Airlines Inc.","1375"
"MCO","JetBlue Airways","1340"
"SJC","American Airlines Inc.","1339"
"CLT","American Airlines Inc.","1311"
"PHX","Delta Air Lines Inc.","1296"
"ATL","American Airlines Inc.","1293"
"FLL","JetBlue Airways","1292"
"ORD","Delta Air Lines Inc.","1292"
"BHM","Southwest Airlines Co.","1288"
"MCO","United Air Lines Inc.","1278"
"FLL","US Airways Inc.","1272"
"PVD","Southwest Airlines Co.","1255"
"LAX","Alaska Airlines Inc.","1255"
"IAD","Independence Air","1232"
"DTW","ExpressJet Airlines Inc.","1228"
"DEN","American Airlines Inc.","1213"
"PHX","Mesa Airlines Inc.","1199"
"MSY","Delta Air Lines Inc.","1199"
"EWR","Delta Air Lines Inc.","1198"
"PBI","Delta Air Lines Inc.","1196"
"CLT","Mesa Airlines Inc.","1192"
"CMH","Southwest Airlines Co.","1175"
"DEN","Delta Air Lines Inc.","1153"
"BOS","Envoy Air","1144"
"MIA","Delta Air Lines Inc.","1131"
"SAN","American Airlines Inc.","1131"
"MCO","AirTran Airways Corporation","1127"
"ORD","US Airways Inc.","1121"
"PHL","Delta Air Lines Inc.","1106"
"PHX","SkyWest Airlines Inc.","1105"
"RDU","Southwest Airlines Co.","1103"
"SDF","Southwest Airlines Co.","1099"
"MIA","Envoy Air","1093"
"DTW","Southwest Airlines Co.","1090"
"IND","Southwest Airlines Co.","1088"
"MEM","Delta Air Lines Inc.","1081"
"PHL","United Air Lines Inc.","1080"
"BNA","American Airlines Inc.","1079"
"CLE","Southwest Airlines Co.","1073"
"OGG","Hawaiian Airlines Inc.","1067"
"ATL","Southwest Airlines Co.","1061"
"RDU","US Airways Inc.","1054"
"PHL","Southwest Airlines Co.","1043"
"SEA","American Airlines Inc.","1043"
"TPA","American Airlines Inc.","1039"
"IAH","SkyWest Airlines Inc.","1034"
"SNA","American Airlines Inc.","1032"
"SAT","American Airlines Inc.","1010"
"BWI","AirTran Airways Corporation","1005"
"ATL","US Airways Inc.","1004"
"SAN","Delta Air Lines Inc.","1003"
"IAH","American Airlines Inc.","1003"
"RDU","Envoy Air","1000"
"LAX","US Airways Inc.","991"
"MSP","American Airlines Inc.","981"
"LAX","Continental Air Lines Inc.","974"
"MCI","American Airlines Inc.","965"
"BOS","Continental Air Lines Inc.","963"
"BWI","Delta Air Lines Inc.","959"
"BOI","Southwest Airlines Co.","954"
"SNA","United Air Lines Inc.","951"
"RDU","American Airlines Inc.","950"
"JFK","Envoy Air","946"
"BDL","Delta Air Lines Inc.","946"
"SFO","Alaska Airlines Inc.","941"
"IAD","ExpressJet Airlines Inc.","938"
"DCA","United Air Lines Inc.","934"
"PDX","Delta Air Lines Inc.","927"
"MSP","United Air Lines Inc.","927"
"ISP","Southwest Airlines Co.","926"
"JAX","Southwest Airlines Co.","925"
"RSW","Delta Air Lines Inc.","921"
"RDU","Delta Air Lines Inc.","913"
"LAS","US Airways Inc.","906"
"PDX","SkyWest Airlines Inc.","901"
"BDL","US Airways Inc.","894"
"DFW","United Air Lines Inc.","890"
"ORD","Northwest Airlines Inc.","880"
"GEG","Southwest Airlines Co.","879"
"MHT","Southwest Airlines Co.","867"
"MCI","Delta Air Lines Inc.","864"
"OMA","Southwest Airlines Co.","858"
"JFK","United Air Lines Inc.","852"
"OAK","Alaska Airlines Inc.","850"
"LGB","JetBlue Airways","834"
"JAX","Delta Air Lines Inc.","834"
"SFO","Virgin America","828"
"PVD","US Airways Inc.","819"
"MCO","Continental Air Lines Inc.","816"
"LIT","Southwest Airlines Co.","814"
"TUS","Southwest Airlines Co.","813"
"DFW","US Airways Inc.","813"
"FLL","American Airlines Inc.","813"
"BNA","Delta Air Lines Inc.","812"
"LAX","America West Airlines Inc.","812"
"BUF","US Airways Inc.","806"
"SFO","US Airways Inc.","802"
"EWR","US Airways Inc.","793"
"IND","US Airways Inc.","792"
"SAT","Delta Air Lines Inc.","789"
"LBB","Southwest Airlines Co.","784"
"DTW","American Airlines Inc.","784"
"SNA","Alaska Airlines Inc.","784"
"JFK","Trans World Airways LLC","782"
"FAT","SkyWest Airlines Inc.","782"
"MAF","Southwest Airlines Co.","781"
"ATL","Continental Air Lines Inc.","779"
"MSY","American Airlines Inc.","774"
"MSY","Continental Air Lines Inc.","773"
"SBA","SkyWest Airlines Inc.","763"
"PBI","US Airways Inc.","760"
"SJC","Alaska Airlines Inc.","752"
"SAN","SkyWest Airlines Inc.","752"
"BDL","Southwest Airlines Co.","748"
"MEM","Endeavor Air Inc.","748"
"ORD","Continental Air Lines Inc.","748"
"SEA","SkyWest Airlines Inc.","747"
"SMF","United Air Lines Inc.","745"
"SAN","Alaska Airlines Inc.","738"
"LGA","Northwest Airlines Inc.","738"
"IAD","Delta Air Lines Inc.","736"
"IAD","American Airlines Inc.","733"
"ORD","Independence Air","728"
"DCA","Envoy Air","727"
"DCA","Continental Air Lines Inc.","727"
"MIA","US Airways Inc.","723"
"BWI","United Air Lines Inc.","721"
"CMH","Envoy Air","718"
"CLE","ExpressJet Airlines Inc.","708"
"FAI","Alaska Airlines Inc.","708"
"JNU","Alaska Airlines Inc.","708"
"CMH","America West Airlines Inc.","704"
"TPA","United Air Lines Inc.","693"
"ORD","Mesa Airlines Inc.","691"
"IND","Delta Air Lines Inc.","691"
"DCA","Northwest Airlines Inc.","690"
"JAX","US Airways Inc.","687"
"MSY","United Air Lines Inc.","684"
"CMH","Delta Air Lines Inc.","683"
"LAS","Continental Air Lines Inc.","681"
"SMF","SkyWest Airlines Inc.","679"
"MKE","SkyWest Airlines Inc.","677"
"ORD","ExpressJet Airlines Inc. (1)","673"
"SJU","JetBlue Airways","673"
"OAK","United Air Lines Inc.","672"
"BWI","American Airlines Inc.","671"
"MCI","US Airways Inc.","664"
"ATL","United Air Lines Inc.","663"
"MIA","United Air Lines Inc.","661"
"LAX","Northwest Airlines Inc.","661"
"CLE","United Air Lines Inc.","660"
"SFO","Continental Air Lines Inc.","658"
"TPA","Continental Air Lines Inc.","654"
"CLT","Delta Air Lines Inc.","651"
"RIC","US Airways Inc.","643"
"CMH","US Airways Inc.","642"
"HNL","United Air Lines Inc.","642"
"IAD","US Airways Inc.","641"
"BOS","Northwest Airlines Inc.","641"
"SNA","America West Airlines Inc.","641"
"LAS","Alaska Airlines Inc.","640"
"PSP","SkyWest Airlines Inc.","636"
"BHM","Delta Air Lines Inc.","635"
"HRL","Southwest Airlines Co.","635"
"SAN","Envoy Air","635"
"MKE","Northwest Airlines Inc.","633"
"SDF","Delta Air Lines Inc.","629"
"DFW","Continental Air Lines Inc.","627"
"LIH","Hawaiian Airlines Inc.","626"
"FLL","Continental Air Lines Inc.","620"
"ORF","US Airways Inc.","619"
"DTW","US Airways Inc.","618"
"CVG","Independence Air","616"
"MSY","US Airways Inc.","616"
"IAH","US Airways Inc.","611"
"STL","Delta Air Lines Inc.","610"
"DEN","US Airways Inc.","605"
"MSP","Endeavor Air Inc.","604"
"AUS","Delta Air Lines Inc.","604"
"COS","SkyWest Airlines Inc.","603"
"SJC","United Air Lines Inc.","601"
"KOA","Hawaiian Airlines Inc.","595"
"TUS","American Airlines Inc.","591"
"DEN","ExpressJet Airlines Inc.","587"
"PIT","Southwest Airlines Co.","583"
"LAX","Virgin America","583"
"IAD","Mesa Airlines Inc.","582"
"MKE","AirTran Airways Corporation","581"
"BDL","American Airlines Inc.","581"
"IND","Northwest Airlines Inc.","580"
"ROC","US Airways Inc.","579"
"MEM","ExpressJet Airlines Inc.","578"
"ATL","Northwest Airlines Inc.","578"
"BUF","Southwest Airlines Co.","574"
"EWR","Northwest Airlines Inc.","572"
"SEA","Northwest Airlines Inc.","570"
"IAH","Delta Air Lines Inc.","569"
"AMA","Southwest Airlines Co.","568"
"MKE","Southwest Airlines Co.","566"
"MCO","Northwest Airlines Inc.","562"
"BOS","Southwest Airlines Co.","561"
"LGA","Continental Air Lines Inc.","560"
"MKE","Delta Air Lines Inc.","558"
"ELP","American Airlines Inc.","558"
"MCI","United Air Lines Inc.","555"
"DFW","SkyWest Airlines Inc.","552"
"RIC","Delta Air Lines Inc.","552"
"RSW","US Airways Inc.","551"
"DEN","Continental Air Lines Inc.","550"
"CHS","Delta Air Lines Inc.","544"
"SLC","United Air Lines Inc.","544"
"SAV","Delta Air Lines Inc.","543"
"GSO","US Airways Inc.","543"
"SAT","Continental Air Lines Inc.","543"
"PIT","Delta Air Lines Inc.","540"
"TUS","SkyWest Airlines Inc.","539"
"XNA","Envoy Air","538"
"MCI","Northwest Airlines Inc.","533"
"ABQ","American Airlines Inc.","530"
"MDW","ATA Airlines d/b/a ATA","530"
"PHL","Northwest Airlines Inc.","526"
"DFW","Northwest Airlines Inc.","515"
"JFK","Comair Inc.","512"
"OMA","United Air Lines Inc.","511"
"AUS","Continental Air Lines Inc.","507"
"PHX","Continental Air Lines Inc.","506"
"ALB","US Airways Inc.","504"
"MIA","Continental Air Lines Inc.","503"
"ORF","Delta Air Lines Inc.","501"
"SNA","Delta Air Lines Inc.","501"
"JAN","Delta Air Lines Inc.","497"
"BNA","Envoy Air","496"
"PNS","Delta Air Lines Inc.","494"
"BOI","SkyWest Airlines Inc.","491"
"BNA","US Airways Inc.","489"
"MSP","US Airways Inc.","488"
"SYR","US Airways Inc.","487"
"PHX","Alaska Airlines Inc.","484"
"PBI","JetBlue Airways","483"
"ALB","Southwest Airlines Co.","477"
"CLE","Envoy Air","474"
"EUG","SkyWest Airlines Inc.","472"
"SFO","Northwest Airlines Inc.","471"
"MDW","Northwest Airlines Inc.","469"
"GRR","Northwest Airlines Inc.","468"
"GSO","Delta Air Lines Inc.","465"
"STL","Northwest Airlines Inc.","465"
"ITO","Hawaiian Airlines Inc.","458"
"HNL","American Airlines Inc.","456"
"BUR","United Air Lines Inc.","455"
"ABQ","Delta Air Lines Inc.","454"
"TPA","AirTran Airways Corporation","452"
"HNL","Delta Air Lines Inc.","452"
"BNA","Northwest Airlines Inc.","452"
"ONT","United Air Lines Inc.","451"
"LAS","SkyWest Airlines Inc.","441"
"MSP","Southwest Airlines Co.","439"
"BTR","ExpressJet Airlines Inc.","437"
"DTW","United Air Lines Inc.","435"
"SAN","US Airways Inc.","432"
"LIT","Delta Air Lines Inc.","430"
"LAS","Northwest Airlines Inc.","430"
"LGA","Southwest Airlines Co.","429"
"MHT","US Airways Inc.","428"
"SLC","American Airlines Inc.","428"
"CVG","Envoy Air","428"
"SEA","US Airways Inc.","427"
"CLE","US Airways Inc.","427"
"SRQ","Delta Air Lines Inc.","425"
"CLE","Delta Air Lines Inc.","423"
"ATL","Comair Inc.","419"
"SEA","Continental Air Lines Inc.","419"
"ORF","Southwest Airlines Co.","416"
"FLL","AirTran Airways Corporation","415"
"IND","American Airlines Inc.","414"
"PDX","American Airlines Inc.","414"
"BUF","JetBlue Airways","414"
"TPA","Northwest Airlines Inc.","413"
"BDL","United Air Lines Inc.","412"
"BWI","Continental Air Lines Inc.","412"
"EWR","JetBlue Airways","410"
"SJC","SkyWest Airlines Inc.","409"
"DEN","Northwest Airlines Inc.","409"
"PHX","Northwest Airlines Inc.","409"
"MRY","SkyWest Airlines Inc.","402"
"LGA","ExpressJet Airlines Inc.","399"
"HNL","Mesa Airlines Inc.","398"
"BOS","AirTran Airways Corporation","397"
"IND","United Air Lines Inc.","396"
"SJU","Delta Air Lines Inc.","394"
"CVG","ExpressJet Airlines Inc.","393"
"TPA","JetBlue Airways","392"
"DSM","United Air Lines Inc.","391"
"SFO","America West Airlines Inc.","391"
"SGF","Envoy Air","390"
"COS","American Airlines Inc.","389"
"GSO","Continental Air Lines Inc.","387"
"BWI","Northwest Airlines Inc.","386"
"ONT","SkyWest Airlines Inc.","385"
"DCA","JetBlue Airways","384"
"KTN","Alaska Airlines Inc.","382"
"CAE","ExpressJet Airlines Inc.","381"
"BUR","SkyWest Airlines Inc.","379"
"PIT","United Air Lines Inc.","375"
"LGA","AirTran Airways Corporation","374"
"SHV","ExpressJet Airlines Inc.","374"
"TYS","ExpressJet Airlines Inc.","373"
"MOB","Delta Air Lines Inc.","373"
"ABQ","SkyWest Airlines Inc.","371"
"SBP","SkyWest Airlines Inc.","371"
"SMF","Delta Air Lines Inc.","370"
"AUS","United Air Lines Inc.","369"
"DTW","Continental Air Lines Inc.","368"
"HSV","Delta Air Lines Inc.","363"
"SMF","America West Airlines Inc.","362"
"LIT","Envoy Air","361"
"MFR","SkyWest Airlines Inc.","361"
"PVD","Delta Air Lines Inc.","358"
"PBI","Southwest Airlines Co.","358"
"GEG","Alaska Airlines Inc.","358"
"SAN","America West Airlines Inc.","357"
"SAN","Continental Air Lines Inc.","357"
"MSN","Northwest Airlines Inc.","357"
"ATL","Endeavor Air Inc.","355"
"IAD","JetBlue Airways","355"
"RSW","Southwest Airlines Co.","354"
"STL","US Airways Inc.","353"
"JAN","Southwest Airlines Co.","352"
"DTW","SkyWest Airlines Inc.","351"
"RNO","American Airlines Inc.","351"
"CLE","Northwest Airlines Inc.","349"
"RSW","AirTran Airways Corporation","348"
"RNO","United Air Lines Inc.","348"
"LGA","JetBlue Airways","347"
"BNA","ExpressJet Airlines Inc.","346"
"BOI","United Air Lines Inc.","345"
"CRP","Southwest Airlines Co.","340"
"SMF","Alaska Airlines Inc.","340"
"RNO","SkyWest Airlines Inc.","337"
"DSM","Envoy Air","336"
"PBI","Continental Air Lines Inc.","336"
"CMH","Northwest Airlines Inc.","336"
"LGA","Comair Inc.","335"
"STL","United Air Lines Inc.","333"
"CMH","United Air Lines Inc.","333"
"LAS","JetBlue Airways","332"
"PHL","Continental Air Lines Inc.","332"
"TUS","America West Airlines Inc.","331"
"SJC","Delta Air Lines Inc.","330"
"DAY","Delta Air Lines Inc.","330"
"ONT","American Airlines Inc.","329"
"DTW","Envoy Air","327"
"HOU","Delta Air Lines Inc.","324"
"OGG","United Air Lines Inc.","322"
"MSP","ExpressJet Airlines Inc.","321"
"FLL","United Air Lines Inc.","321"
"CAE","Delta Air Lines Inc.","318"
"BUF","Delta Air Lines Inc.","317"
"XNA","ExpressJet Airlines Inc.","313"
"MIA","Northwest Airlines Inc.","313"
"MCI","ExpressJet Airlines Inc.","312"
"EWR","Southwest Airlines Co.","311"
"RSW","JetBlue Airways","311"
"TYS","Delta Air Lines Inc.","309"
"DCA","Southwest Airlines Co.","308"
"MSY","Northwest Airlines Inc.","308"
"ONT","Alaska Airlines Inc.","308"
"TUS","Delta Air Lines Inc.","307"
"SMF","American Airlines Inc.","307"
"CLE","American Airlines Inc.","306"
"ABQ","United Air Lines Inc.","306"
"LEX","ExpressJet Airlines Inc.","305"
"GSP","Delta Air Lines Inc.","304"
"MOB","ExpressJet Airlines Inc.","304"
"ALB","Delta Air Lines Inc.","303"
"OMA","American Airlines Inc.","303"
"SAT","United Air Lines Inc.","302"
"DAB","Delta Air Lines Inc.","301"
"PBI","American Airlines Inc.","301"
"SFO","JetBlue Airways","300"
"DAY","US Airways Inc.","300"
"CID","Envoy Air","299"
"SJC","Envoy Air","299"
"HPN","JetBlue Airways","298"
"SDF","US Airways Inc.","296"
"BHM","ExpressJet Airlines Inc.","294"
"MDW","AirTran Airways Corporation","294"
"LIT","ExpressJet Airlines Inc.","293"
"CMH","American Airlines Inc.","292"
"SNA","Continental Air Lines Inc.","292"
"SJU","US Airways Inc.","291"
"PIT","Envoy Air","290"
"PSC","SkyWest Airlines Inc.","290"
"BUR","Alaska Airlines Inc.","290"
"ACV","SkyWest Airlines Inc.","290"
"CLT","Envoy Air","289"
"RAP","SkyWest Airlines Inc.","289"
"MCI","Continental Air Lines Inc.","289"
"CHS","US Airways Inc.","287"
"DEN","America West Airlines Inc.","285"
"BDL","Northwest Airlines Inc.","285"
"VPS","ExpressJet Airlines Inc.","284"
"ORD","Trans World Airways LLC","284"
"RDU","Northwest Airlines Inc.","283"
"JAN","ExpressJet Airlines Inc.","282"
"ONT","America West Airlines Inc.","282"
"COS","United Air Lines Inc.","281"
"CHA","ExpressJet Airlines Inc.","280"
"GRR","Envoy Air","280"
"ONT","Delta Air Lines Inc.","279"
"TLH","Delta Air Lines Inc.","279"
"HNL","Aloha Airlines Inc.","279"
"RIC","ExpressJet Airlines Inc.","278"
"DCA","AirTran Airways Corporation","278"
"MGM","ExpressJet Airlines Inc.","276"
"IAD","ExpressJet Airlines Inc. (1)","275"
"LAX","Trans World Airways LLC","275"
"CAK","AirTran Airways Corporation","274"
"OAK","JetBlue Airways","274"
"HOU","Envoy Air","274"
"PSP","Alaska Airlines Inc.","274"
"BTR","Delta Air Lines Inc.","273"
"ASE","SkyWest Airlines Inc.","273"
"MEM","American Airlines Inc.","273"
"MCI","Trans World Airways LLC","273"
"LEX","Delta Air Lines Inc.","271"
"MSP","Continental Air Lines Inc.","271"
"IDA","SkyWest Airlines Inc.","271"
"GSO","ExpressJet Airlines Inc.","270"
"GEG","United Air Lines Inc.","270"
"SEA","America West Airlines Inc.","268"
"ABI","Envoy Air","268"
"HSV","ExpressJet Airlines Inc.","267"
"PHL","AirTran Airways Corporation","267"
"RDM","SkyWest Airlines Inc.","267"
"BFL","SkyWest Airlines Inc.","266"
"MCI","ExpressJet Airlines Inc. (1)","265"
"GRB","Northwest Airlines Inc.","263"
"LFT","ExpressJet Airlines Inc.","262"
"SAT","SkyWest Airlines Inc.","262"
"ANC","Delta Air Lines Inc.","261"
"BZN","SkyWest Airlines Inc.","260"
"PIT","American Airlines Inc.","260"
"MYR","US Airways Inc.","260"
"AUS","SkyWest Airlines Inc.","259"
"GSP","ExpressJet Airlines Inc.","257"
"MSN","Envoy Air","257"
"IND","Continental Air Lines Inc.","257"
"OMA","Northwest Airlines Inc.","257"
"IAD","Northwest Airlines Inc.","257"
"GJT","SkyWest Airlines Inc.","254"
"COS","Delta Air Lines Inc.","253"
"AGS","ExpressJet Airlines Inc.","253"
"CLT","ExpressJet Airlines Inc.","253"
"IND","Envoy Air","253"
"OMA","ExpressJet Airlines Inc.","252"
"SJC","America West Airlines Inc.","252"
"MCO","Trans World Airways LLC","249"
"CVG","SkyWest Airlines Inc.","248"
"GEG","SkyWest Airlines Inc.","248"
"ATL","Envoy Air","247"
"ROC","United Air Lines Inc.","247"
"IAH","Northwest Airlines Inc.","247"
"TYS","Envoy Air","246"
"CLT","Northwest Airlines Inc.","246"
"MSO","SkyWest Airlines Inc.","245"
"JAX","American Airlines Inc.","245"
"JAN","Envoy Air","244"
"MBS","Northwest Airlines Inc.","243"
"EWR","America West Airlines Inc.","242"
"AVL","ExpressJet Airlines Inc.","241"
"MLB","Delta Air Lines Inc.","241"
"MFE","Continental Air Lines Inc.","241"
"PWM","Delta Air Lines Inc.","239"
"BTR","Envoy Air","239"
"MKE","Envoy Air","239"
"SAN","Northwest Airlines Inc.","239"
"RNO","Delta Air Lines Inc.","238"
"RSW","Continental Air Lines Inc.","238"
"DFW","Trans World Airways LLC","237"
"IND","AirTran Airways Corporation","237"
"OMA","Delta Air Lines Inc.","237"
"BWI","Envoy Air","237"
"CHS","ExpressJet Airlines Inc.","236"
"SNA","SkyWest Airlines Inc.","236"
"GRR","Delta Air Lines Inc.","235"
"RDU","ExpressJet Airlines Inc.","234"
"LBB","Envoy Air","234"
"DFW","America West Airlines Inc.","234"
"MDT","US Airways Inc.","233"
"FAR","Northwest Airlines Inc.","233"
"MDW","Delta Air Lines Inc.","232"
"SYR","Delta Air Lines Inc.","232"
"MDW","Continental Air Lines Inc.","232"
"DTW","Comair Inc.","231"
"JAX","Continental Air Lines Inc.","231"
"PIT","Northwest Airlines Inc.","231"
"LAS","Frontier Airlines Inc.","230"
"PSP","American Airlines Inc.","230"
"MKE","US Airways Inc.","230"
"STT","American Airlines Inc.","228"
"OAK","Delta Air Lines Inc.","227"
"CMI","Envoy Air","227"
"JFK","America West Airlines Inc.","227"
"CRP","Envoy Air","226"
"LAN","Northwest Airlines Inc.","226"
"ORD","America West Airlines Inc.","225"
"MSP","Trans World Airways LLC","225"
"FLL","Spirit Air Lines","224"
"MFE","American Airlines Inc.","224"
"PDX","America West Airlines Inc.","224"
"DCA","Trans World Airways LLC","223"
"TUS","United Air Lines Inc.","222"
"PWM","US Airways Inc.","222"
"BUF","Northwest Airlines Inc.","222"
"CRW","ExpressJet Airlines Inc.","221"
"RDU","Continental Air Lines Inc.","221"
"ATL","SkyWest Airlines Inc.","220"
"SHV","Delta Air Lines Inc.","219"
"GPT","ExpressJet Airlines Inc.","219"
"LAX","JetBlue Airways","219"
"OAK","America West Airlines Inc.","218"
"CVG","Endeavor Air Inc.","217"
"GNV","ExpressJet Airlines Inc.","216"
"BUF","United Air Lines Inc.","216"
"RIC","American Airlines Inc.","216"
"AMA","Envoy Air","216"
"SHV","Envoy Air","216"
"MLU","ExpressJet Airlines Inc.","215"
"BNA","SkyWest Airlines Inc.","214"
"SGU","SkyWest Airlines Inc.","214"
"SBA","Envoy Air","214"
"ABQ","America West Airlines Inc.","214"
"IAD","Southwest Airlines Co.","213"
"CLT","ExpressJet Airlines Inc. (1)","213"
"TRI","ExpressJet Airlines Inc.","211"
"DCA","Comair Inc.","211"
"MCI","SkyWest Airlines Inc.","211"
"SDF","Northwest Airlines Inc.","211"
"GEG","Delta Air Lines Inc.","211"
"SDF","ExpressJet Airlines Inc.","210"
"RDU","JetBlue Airways","209"
"RSW","American Airlines Inc.","208"
"RIC","Envoy Air","208"
"FWA","Envoy Air","208"
"BOS","America West Airlines Inc.","208"
"RNO","America West Airlines Inc.","208"
"BOS","Trans World Airways LLC","208"
"PIT","AirTran Airways Corporation","207"
"ROC","Delta Air Lines Inc.","207"
"FAY","ExpressJet Airlines Inc.","207"
"BOS","Comair Inc.","207"
"ILM","US Airways Inc.","207"
"BNA","ExpressJet Airlines Inc. (1)","206"
"DCA","ExpressJet Airlines Inc.","205"
"IAH","Southwest Airlines Co.","205"
"ELP","SkyWest Airlines Inc.","203"
"CMH","Continental Air Lines Inc.","203"
"SAV","ExpressJet Airlines Inc.","202"
"GSP","US Airways Inc.","202"
"OAK","SkyWest Airlines Inc.","202"
"EVV","Envoy Air","201"
"AUS","JetBlue Airways","200"
"SIT","Alaska Airlines Inc.","200"
"FSD","Northwest Airlines Inc.","200"
"LGA","Trans World Airways LLC","200"
"DAY","AirTran Airways Corporation","199"
"PDX","Northwest Airlines Inc.","199"
"SAV","US Airways Inc.","198"
"AEX","ExpressJet Airlines Inc.","196"
"CLT","United Air Lines Inc.","196"
"PHL","Envoy Air","196"
"MAF","Envoy Air","196"
"IND","ExpressJet Airlines Inc.","195"
"MEM","Envoy Air","195"
"SJU","Continental Air Lines Inc.","194"
"BIL","SkyWest Airlines Inc.","193"
"GRR","United Air Lines Inc.","192"
"PHL","America West Airlines Inc.","192"
"MIA","Trans World Airways LLC","192"
"ROA","ExpressJet Airlines Inc.","191"
"MEM","SkyWest Airlines Inc.","191"
"TYR","Envoy Air","191"
"JFK","Virgin America","191"
"YUM","SkyWest Airlines Inc.","191"
"RIC","ExpressJet Airlines Inc. (1)","190"
"SNA","US Airways Inc.","190"
"OMA","SkyWest Airlines Inc.","189"
"ILM","ExpressJet Airlines Inc.","188"
"OGG","American Airlines Inc.","188"
"FAT","Envoy Air","188"
"IND","ExpressJet Airlines Inc. (1)","187"
"EWR","Envoy Air","187"
"BOI","Delta Air Lines Inc.","187"
"DTW","Trans World Airways LLC","187"
"ELP","Delta Air Lines Inc.","186"
"HSV","American Airlines Inc.","186"
"FAR","SkyWest Airlines Inc.","186"
"JFK","US Airways Inc.","185"
"ORD","JetBlue Airways","185"
"IAH","America West Airlines Inc.","185"
"CPR","SkyWest Airlines Inc.","185"
"RDU","United Air Lines Inc.","184"
"CVG","United Air Lines Inc.","184"
"ORF","American Airlines Inc.","184"
"JAX","ExpressJet Airlines Inc.","181"
"OAK","American Airlines Inc.","181"
"TLH","ExpressJet Airlines Inc.","180"
"ATL","Trans World Airways LLC","180"
"HNL","Northwest Airlines Inc.","178"
"BHM","American Airlines Inc.","178"
"ABQ","Continental Air Lines Inc.","178"
"ORD","Spirit Air Lines","177"
"SDF","American Airlines Inc.","177"
"GTF","SkyWest Airlines Inc.","177"
"GSP","Envoy Air","176"
"KOA","United Air Lines Inc.","175"
"SUN","SkyWest Airlines Inc.","175"
"FSM","Envoy Air","174"
"PVD","Northwest Airlines Inc.","173"
"DAY","Envoy Air","172"
"LAS","Spirit Air Lines","171"
"OME","Alaska Airlines Inc.","171"
"ROA","US Airways Inc.","170"
"PIA","Envoy Air","170"
"HNL","Continental Air Lines Inc.","170"
"MKE","ExpressJet Airlines Inc. (1)","170"
"STL","Continental Air Lines Inc.","170"
"PVD","United Air Lines Inc.","169"
"OTZ","Alaska Airlines Inc.","169"
"SEA","JetBlue Airways","169"
"CLL","Envoy Air","169"
"RSW","United Air Lines Inc.","168"
"LAS","Virgin America","168"
"CLD","SkyWest Airlines Inc.","168"
"IND","Trans World Airways LLC","168"
"SFO","Trans World Airways LLC","167"
"STL","ExpressJet Airlines Inc.","166"
"DEN","Mesa Airlines Inc.","166"
"ORF","Envoy Air","166"
"PNS","Envoy Air","166"
"MDT","United Air Lines Inc.","166"
"ACT","Envoy Air","166"
"PHX","Trans World Airways LLC","166"
"BNA","Continental Air Lines Inc.","166"
"JAX","Northwest Airlines Inc.","166"
"SEA","Trans World Airways LLC","166"
"CLE","SkyWest Airlines Inc.","165"
"GRR","ExpressJet Airlines Inc.","164"
"MEM","US Airways Inc.","164"
"MSY","Trans World Airways LLC","164"
"BTV","US Airways Inc.","164"
"HPN","ExpressJet Airlines Inc.","163"
"CMH","ExpressJet Airlines Inc.","163"
"CRP","ExpressJet Airlines Inc.","163"
"LIT","American Airlines Inc.","163"
"PDX","Continental Air Lines Inc.","163"
"BWI","America West Airlines Inc.","163"
"BUR","America West Airlines Inc.","163"
"MSP","America West Airlines Inc.","163"
"EUG","United Air Lines Inc.","163"
"ROC","AirTran Airways Corporation","162"
"HNL","Alaska Airlines Inc.","162"
"TPA","Trans World Airways LLC","162"
"OGG","Alaska Airlines Inc.","161"
"BIS","SkyWest Airlines Inc.","161"
"ABE","US Airways Inc.","161"
"SNA","Northwest Airlines Inc.","161"
"CLE","Trans World Airways LLC","161"
"BET","Alaska Airlines Inc.","160"
"JFK","Endeavor Air Inc.","159"
"FCA","SkyWest Airlines Inc.","159"
"JAC","SkyWest Airlines Inc.","159"
"DEN","Trans World Airways LLC","159"
"BOS","Independence Air","158"
"SYR","Envoy Air","158"
"SLC","America West Airlines Inc.","158"
"AUS","Northwest Airlines Inc.","158"
"SYR","Northwest Airlines Inc.","158"
"ALB","United Air Lines Inc.","157"
"SJU","United Air Lines Inc.","157"
"PVD","American Airlines Inc.","157"
"ELP","America West Airlines Inc.","157"
"ROC","JetBlue Airways","157"
"LGB","SkyWest Airlines Inc.","157"
"RIC","United Air Lines Inc.","156"
"RSW","Northwest Airlines Inc.","156"
"MCI","America West Airlines Inc.","156"
"HOU","Northwest Airlines Inc.","156"
"HOU","American Airlines Inc.","155"
"MEM","ExpressJet Airlines Inc. (1)","155"
"MLU","Delta Air Lines Inc.","154"
"CVG","ExpressJet Airlines Inc. (1)","154"
"CID","Trans World Airways LLC","154"
"LAX","Frontier Airlines Inc.","153"
"BHM","US Airways Inc.","153"
"CID","United Air Lines Inc.","153"
"MSN","SkyWest Airlines Inc.","153"
"DEN","Alaska Airlines Inc.","153"
"FLL","Northwest Airlines Inc.","153"
"MKE","ExpressJet Airlines Inc.","152"
"BUF","American Airlines Inc.","152"
"ATL","America West Airlines Inc.","152"
"PHX","Frontier Airlines Inc.","151"
"ROC","Envoy Air","151"
"GRB","Envoy Air","151"
"SYR","JetBlue Airways","151"
"MKE","Trans World Airways LLC","151"
"MSP","AirTran Airways Corporation","150"
"MSP","ExpressJet Airlines Inc. (1)","150"
"DFW","Spirit Air Lines","149"
"PHF","AirTran Airways Corporation","149"
"OMA","Envoy Air","149"
"FSD","SkyWest Airlines Inc.","149"
"MKE","Frontier Airlines Inc.","149"
"STL","ExpressJet Airlines Inc. (1)","149"
"BWI","Trans World Airways LLC","149"
"SGF","ExpressJet Airlines Inc.","148"
"JAX","Envoy Air","148"
"GSO","Envoy Air","148"
"ROC","American Airlines Inc.","148"
"JAX","JetBlue Airways","148"
"GRK","Envoy Air","148"
"DAY","American Airlines Inc.","148"
"TUS","Mesa Airlines Inc.","148"
"MYR","ExpressJet Airlines Inc.","147"
"SDF","Envoy Air","147"
"MHT","United Air Lines Inc.","147"
"RNO","Alaska Airlines Inc.","147"
"BIS","Northwest Airlines Inc.","147"
"DSM","American Airlines Inc.","146"
"ELP","Continental Air Lines Inc.","146"
"CAK","ExpressJet Airlines Inc.","145"
"SAT","ExpressJet Airlines Inc.","145"
"LRD","Envoy Air","145"
"ALB","Northwest Airlines Inc.","145"
"MSN","ExpressJet Airlines Inc.","144"
"MCO","Frontier Airlines Inc.","144"
"DAY","ExpressJet Airlines Inc.","144"
"SJT","Envoy Air","144"
"RDD","SkyWest Airlines Inc.","144"
"ABE","Delta Air Lines Inc.","143"
"MLI","ExpressJet Airlines Inc.","143"
"BDL","Envoy Air","143"
"EWR","Trans World Airways LLC","143"
"HOU","AirTran Airways Corporation","142"
"ECP","Southwest Airlines Co.","142"
"CRP","ExpressJet Airlines Inc. (1)","142"
"DTW","Spirit Air Lines","141"
"CSG","ExpressJet Airlines Inc.","141"
"BRW","Alaska Airlines Inc.","141"
"EGE","American Airlines Inc.","140"
"DAY","United Air Lines Inc.","140"
"BNA","Trans World Airways LLC","140"
"PHF","ExpressJet Airlines Inc.","139"
"AUS","America West Airlines Inc.","139"
"DTW","America West Airlines Inc.","139"
"SAT","Northwest Airlines Inc.","139"
"SLC","Northwest Airlines Inc.","139"
"BIL","United Air Lines Inc.","139"
"ORF","ExpressJet Airlines Inc.","138"
"LNK","SkyWest Airlines Inc.","138"
"SDF","ExpressJet Airlines Inc. (1)","138"
"HPN","American Airlines Inc.","138"
"EKO","SkyWest Airlines Inc.","138"
"LIT","Trans World Airways LLC","138"
"BUF","Envoy Air","137"
"LGB","American Airlines Inc.","137"
"PBI","United Air Lines Inc.","137"
"BUF","Continental Air Lines Inc.","137"
"CMH","Trans World Airways LLC","137"
"DSM","Trans World Airways LLC","137"
"ATL","Frontier Airlines Inc.","136"
"DAY","ExpressJet Airlines Inc. (1)","136"
"SMF","US Airways Inc.","136"
"LAS","Trans World Airways LLC","136"
"OMA","Trans World Airways LLC","136"
"PNS","ExpressJet Airlines Inc.","135"
"MDT","Delta Air Lines Inc.","135"
"DHN","ExpressJet Airlines Inc.","135"
"TYS","ExpressJet Airlines Inc. (1)","135"
"PDX","US Airways Inc.","135"
"CAE","US Airways Inc.","135"
"BHM","Northwest Airlines Inc.","135"
"BTV","JetBlue Airways","135"
"TWF","SkyWest Airlines Inc.","135"
"CHS","Southwest Airlines Co.","134"
"ORD","Alaska Airlines Inc.","134"
"BIL","Northwest Airlines Inc.","134"
"PHL","Trans World Airways LLC","134"
"AUS","Mesa Airlines Inc.","133"
"HPN","United Air Lines Inc.","133"
"SLC","US Airways Inc.","133"
"ORF","Northwest Airlines Inc.","133"
"AGS","Delta Air Lines Inc.","132"
"GTF","Northwest Airlines Inc.","132"
"RIC","JetBlue Airways","132"
"BDL","JetBlue Airways","132"
"PIT","Trans World Airways LLC","132"
"IND","Endeavor Air Inc.","131"
"STL","SkyWest Airlines Inc.","131"
"AZO","Envoy Air","131"
"SLC","Frontier Airlines Inc.","131"
"OGG","Mesa Airlines Inc.","131"
"SEA","Virgin America","131"
"DLH","Northwest Airlines Inc.","131"
"CLT","JetBlue Airways","130"
"SPS","Envoy Air","130"
"AVP","US Airways Inc.","130"
"PIT","ExpressJet Airlines Inc.","129"
"MDT","ExpressJet Airlines Inc.","129"
"BHM","ExpressJet Airlines Inc. (1)","129"
"AVL","US Airways Inc.","129"
"DEN","ExpressJet Airlines Inc. (1)","128"
"BZN","Delta Air Lines Inc.","128"
"SFO","Frontier Airlines Inc.","128"
"WRG","Alaska Airlines Inc.","128"
"SGF","Trans World Airways LLC","128"
"MEM","AirTran Airways Corporation","127"
"RDU","Comair Inc.","127"
"SJU","Trans World Airways LLC","127"
"AZO","Northwest Airlines Inc.","127"
"SBN","ExpressJet Airlines Inc.","126"
"EVV","ExpressJet Airlines Inc.","126"
"DSM","ExpressJet Airlines Inc.","126"
"MRY","Envoy Air","126"
"SLC","Continental Air Lines Inc.","126"
"HLN","SkyWest Airlines Inc.","126"
"PIH","SkyWest Airlines Inc.","126"
"BUR","American Airlines Inc.","125"
"PIA","ExpressJet Airlines Inc.","124"
"FWA","SkyWest Airlines Inc.","124"
"IND","ATA Airlines d/b/a ATA","124"
"TXK","Envoy Air","124"
"DFW","AirTran Airways Corporation","123"
"CDV","Alaska Airlines Inc.","123"
"MSO","Delta Air Lines Inc.","123"
"TVC","Envoy Air","122"
"LFT","ExpressJet Airlines Inc. (1)","122"
"BOS","ExpressJet Airlines Inc.","122"
"MOT","SkyWest Airlines Inc.","122"
"MHT","ExpressJet Airlines Inc. (1)","122"
"PNS","US Airways Inc.","121"
"SLC","JetBlue Airways","121"
"OMA","America West Airlines Inc.","121"
"LIT","Northwest Airlines Inc.","121"
"BIL","Delta Air Lines Inc.","121"
"SJU","AirTran Airways Corporation","120"
"SAT","Trans World Airways LLC","120"
"RST","American Airlines Inc.","120"
"VPS","Envoy Air","120"
"YAK","Alaska Airlines Inc.","120"
"MSN","Delta Air Lines Inc.","119"
"GSP","ExpressJet Airlines Inc. (1)","119"
"SJC","US Airways Inc.","119"
"LIH","United Air Lines Inc.","119"
"SMX","SkyWest Airlines Inc.","119"
"DAL","ExpressJet Airlines Inc. (1)","119"
"DCA","ExpressJet Airlines Inc. (1)","119"
"DRO","SkyWest Airlines Inc.","119"
"SDF","Trans World Airways LLC","119"
"BUF","AirTran Airways Corporation","118"
"RDU","AirTran Airways Corporation","118"
"SBN","SkyWest Airlines Inc.","118"
"MSP","Envoy Air","118"
"BWI","JetBlue Airways","118"
"ROC","Northwest Airlines Inc.","118"
"DAY","Trans World Airways LLC","118"
"STT","Delta Air Lines Inc.","117"
"BNA","United Air Lines Inc.","117"
"DTW","ExpressJet Airlines Inc. (1)","117"
"SNA","Envoy Air","117"
"RDU","ExpressJet Airlines Inc. (1)","117"
"SJC","Continental Air Lines Inc.","117"
"LEX","Envoy Air","116"
"GRR","ExpressJet Airlines Inc. (1)","116"
"LFT","Envoy Air","116"
"SAN","Trans World Airways LLC","116"
"PDX","Frontier Airlines Inc.","116"
"ANC","United Air Lines Inc.","115"
"JAX","ExpressJet Airlines Inc. (1)","115"
"ROC","ExpressJet Airlines Inc. (1)","115"
"ADQ","Alaska Airlines Inc.","115"
"SAN","JetBlue Airways","115"
"OGG","Aloha Airlines Inc.","115"
"DCA","Alaska Airlines Inc.","115"
"PSC","Delta Air Lines Inc.","115"
"RAP","Northwest Airlines Inc.","115"
"LGB","America West Airlines Inc.","115"
"BDL","Trans World Airways LLC","115"
"RIC","Northwest Airlines Inc.","115"
"DFW","Frontier Airlines Inc.","115"
"SYR","ExpressJet Airlines Inc.","114"
"ATL","ExpressJet Airlines Inc. (1)","114"
"SRQ","US Airways Inc.","114"
"PIT","JetBlue Airways","114"
"MDW","America West Airlines Inc.","114"
"MCO","America West Airlines Inc.","114"
"OGG","Delta Air Lines Inc.","114"
"VPS","Northwest Airlines Inc.","114"
"SJC","Northwest Airlines Inc.","114"
"RKS","SkyWest Airlines Inc.","114"
"MSY","AirTran Airways Corporation","113"
"MGM","Delta Air Lines Inc.","113"
"MLI","Envoy Air","113"
"DLH","SkyWest Airlines Inc.","113"
"PWM","JetBlue Airways","113"
"ABQ","Trans World Airways LLC","113"
"CID","ExpressJet Airlines Inc.","112"
"ORF","Continental Air Lines Inc.","112"
"DSM","SkyWest Airlines Inc.","112"
"ILE","Envoy Air","112"
"CLT","Continental Air Lines Inc.","112"
"MLI","Trans World Airways LLC","112"
"SNA","Frontier Airlines Inc.","112"
"BTV","ExpressJet Airlines Inc.","111"
"FNT","AirTran Airways Corporation","111"
"PDX","Trans World Airways LLC","111"
"CID","SkyWest Airlines Inc.","110"
"GSP","Southwest Airlines Co.","110"
"PBI","AirTran Airways Corporation","110"
"OMA","ExpressJet Airlines Inc. (1)","110"
"SAT","Mesa Airlines Inc.","110"
"CMH","ExpressJet Airlines Inc. (1)","110"
"ONT","US Airways Inc.","110"
"ABE","ExpressJet Airlines Inc.","109"
"LAX","AirTran Airways Corporation","109"
"DTW","AirTran Airways Corporation","109"
"IAH","Envoy Air","109"
"FAY","US Airways Inc.","109"
"FNT","Northwest Airlines Inc.","109"
"GSP","Northwest Airlines Inc.","109"
"GRK","ExpressJet Airlines Inc.","108"
"JAX","AirTran Airways Corporation","108"
"LNK","United Air Lines Inc.","108"
"TOL","Envoy Air","108"
"XNA","ExpressJet Airlines Inc. (1)","108"
"CHA","Envoy Air","108"
"MDW","American Airlines Inc.","108"
"GFK","Northwest Airlines Inc.","108"
"BUF","ExpressJet Airlines Inc.","107"
"VLD","ExpressJet Airlines Inc.","107"
"DAL","American Airlines Inc.","107"
"IND","America West Airlines Inc.","107"
"SBA","United Air Lines Inc.","107"
"MOT","Northwest Airlines Inc.","107"
"RST","Northwest Airlines Inc.","107"
"FLL","Trans World Airways LLC","107"
"BQK","ExpressJet Airlines Inc.","106"
"OAJ","ExpressJet Airlines Inc.","106"
"ROC","ExpressJet Airlines Inc.","106"
"GTR","ExpressJet Airlines Inc.","106"
"BGR","Envoy Air","106"
"PIT","Continental Air Lines Inc.","106"
"JAC","United Air Lines Inc.","105"
"CRW","US Airways Inc.","105"
"PSG","Alaska Airlines Inc.","105"
"MHT","Northwest Airlines Inc.","105"
"DSM","Northwest Airlines Inc.","105"
"PWM","Envoy Air","104"
"BMI","Envoy Air","104"
"MFR","United Air Lines Inc.","104"
"DFW","ExpressJet Airlines Inc. (1)","104"
"ONT","Continental Air Lines Inc.","104"
"IAD","Trans World Airways LLC","104"
"ABY","ExpressJet Airlines Inc.","103"
"MDT","Northwest Airlines Inc.","103"
"AMA","ExpressJet Airlines Inc.","103"
"FAT","American Airlines Inc.","103"
"GEG","Northwest Airlines Inc.","103"
"HPN","Northwest Airlines Inc.","103"
"SAN","Frontier Airlines Inc.","103"
"MOD","SkyWest Airlines Inc.","103"
"GSO","United Air Lines Inc.","102"
"MAF","ExpressJet Airlines Inc.","102"
"COS","America West Airlines Inc.","102"
"PSP","Envoy Air","102"
"CVG","Northwest Airlines Inc.","102"
"GCC","SkyWest Airlines Inc.","102"
"ALB","ExpressJet Airlines Inc.","101"
"ORD","Frontier Airlines Inc.","101"
"LAX","Spirit Air Lines","101"
"MSP","Frontier Airlines Inc.","101"
"PFN","ExpressJet Airlines Inc.","101"
"ELP","ExpressJet Airlines Inc.","101"
"LSE","Envoy Air","101"
"LIT","ExpressJet Airlines Inc. (1)","101"
"MEM","United Air Lines Inc.","101"
"SCC","Alaska Airlines Inc.","100"
"ATL","Spirit Air Lines","100"
"PVD","ExpressJet Airlines Inc. (1)","100"
"MKE","America West Airlines Inc.","100"
"ANC","Northwest Airlines Inc.","100"
"ATW","ExpressJet Airlines Inc.","99"
"CHS","Mesa Airlines Inc.","99"
"TRI","US Airways Inc.","99"
"BDL","Continental Air Lines Inc.","99"
"JFK","Northwest Airlines Inc.","99"
"CIC","SkyWest Airlines Inc.","99"
"ORF","ExpressJet Airlines Inc. (1)","98"
"SWF","American Airlines Inc.","98"
"STL","Envoy Air","98"
"JFK","Independence Air","98"
"CHS","Envoy Air","98"
"PNS","Continental Air Lines Inc.","98"
"RNO","US Airways Inc.","98"
"GRB","ExpressJet Airlines Inc.","97"
"SYR","ExpressJet Airlines Inc. (1)","97"
"STL","America West Airlines Inc.","97"
"MAF","ExpressJet Airlines Inc. (1)","97"
"ERI","US Airways Inc.","97"
"ABE","Northwest Airlines Inc.","97"
"HSV","Envoy Air","96"
"MBS","SkyWest Airlines Inc.","96"
"RST","Envoy Air","96"
"RDU","Trans World Airways LLC","96"
"LAX","Hawaiian Airlines Inc.","96"
"DCA","America West Airlines Inc.","96"
"PIT","ExpressJet Airlines Inc. (1)","96"
"RIC","AirTran Airways Corporation","95"
"CMH","AirTran Airways Corporation","95"
"MSY","JetBlue Airways","95"
"LBB","ExpressJet Airlines Inc.","95"
"TLH","Envoy Air","95"
"BTR","ExpressJet Airlines Inc. (1)","95"
"ELM","US Airways Inc.","95"
"MHT","ExpressJet Airlines Inc.","94"
"GSO","ExpressJet Airlines Inc. (1)","94"
"DBQ","Envoy Air","94"
"TYS","US Airways Inc.","94"
"KOA","Mesa Airlines Inc.","94"
"MCI","Frontier Airlines Inc.","93"
"IAH","Spirit Air Lines","93"
"HOU","ExpressJet Airlines Inc.","93"
"ATL","Mesa Airlines Inc.","93"
"LIH","Mesa Airlines Inc.","93"
"PBI","Northwest Airlines Inc.","93"
"CLT","Trans World Airways LLC","93"
"ECP","Delta Air Lines Inc.","92"
"ALB","American Airlines Inc.","92"
"BRO","ExpressJet Airlines Inc.","92"
"FAT","Mesa Airlines Inc.","92"
"EYW","Envoy Air","92"
"AUS","Trans World Airways LLC","92"
"JFK","ExpressJet Airlines Inc.","91"
"MSY","ExpressJet Airlines Inc.","91"
"FSD","ExpressJet Airlines Inc.","91"
"BZN","Northwest Airlines Inc.","91"
"MEM","Mesa Airlines Inc.","91"
"HRL","ExpressJet Airlines Inc. (1)","91"
"PBI","Trans World Airways LLC","91"
"BOS","Alaska Airlines Inc.","91"
"MDW","Frontier Airlines Inc.","91"
"MTJ","SkyWest Airlines Inc.","90"
"DAL","ExpressJet Airlines Inc.","90"
"MSP","Comair Inc.","90"
"XNA","American Airlines Inc.","90"
"DEN","JetBlue Airways","90"
"MFE","ExpressJet Airlines Inc.","89"
"PWM","ExpressJet Airlines Inc.","89"
"BMI","ExpressJet Airlines Inc.","89"
"ALB","ExpressJet Airlines Inc. (1)","89"
"SYR","American Airlines Inc.","89"
"GSO","Northwest Airlines Inc.","89"
"GTF","Delta Air Lines Inc.","89"
"RNO","Northwest Airlines Inc.","89"
"TYS","Endeavor Air Inc.","88"
"LAS","AirTran Airways Corporation","88"
"DEN","AirTran Airways Corporation","88"
"DAL","Virgin America","88"
"ABE","United Air Lines Inc.","88"
"ORF","United Air Lines Inc.","88"
"SEA","Frontier Airlines Inc.","88"
"TPA","America West Airlines Inc.","88"
"DCA","Frontier Airlines Inc.","88"
"SBN","US Airways Inc.","88"
"COD","SkyWest Airlines Inc.","88"
"MCI","AirTran Airways Corporation","87"
"GSO","Comair Inc.","87"
"FSD","Envoy Air","87"
"FSD","United Air Lines Inc.","87"
"MDT","Envoy Air","87"
"SAV","Envoy Air","87"
"SBP","Envoy Air","87"
"TUS","Continental Air Lines Inc.","87"
"SMF","Northwest Airlines Inc.","87"
"SJU","Southwest Airlines Co.","86"
"CHO","ExpressJet Airlines Inc.","86"
"ORF","Mesa Airlines Inc.","86"
"HPN","Envoy Air","86"
"SAV","ExpressJet Airlines Inc. (1)","86"
"SMF","JetBlue Airways","86"
"PVD","Continental Air Lines Inc.","86"
"TVC","Northwest Airlines Inc.","86"
"DFW","Alaska Airlines Inc.","86"
"ORF","Trans World Airways LLC","86"
"LNK","Trans World Airways LLC","86"
"MCO","Spirit Air Lines","85"
"STL","AirTran Airways Corporation","85"
"VPS","Delta Air Lines Inc.","85"
"IAD","AirTran Airways Corporation","85"
"BTV","United Air Lines Inc.","85"
"SPI","SkyWest Airlines Inc.","85"
"DEN","Envoy Air","85"
"SLC","Trans World Airways LLC","85"
"DSM","Endeavor Air Inc.","84"
"MBS","United Air Lines Inc.","84"
"SYR","United Air Lines Inc.","84"
"PDX","JetBlue Airways","84"
"GGG","Envoy Air","84"
"BOS","Virgin America","84"
"TYS","Northwest Airlines Inc.","84"
"XNA","SkyWest Airlines Inc.","83"
"HSV","US Airways Inc.","83"
"GRR","US Airways Inc.","83"
"COS","Northwest Airlines Inc.","83"
"ITH","US Airways Inc.","83"
"CVG","Trans World Airways LLC","83"
"HSV","Comair Inc.","82"
"IAD","SkyWest Airlines Inc.","82"
"BWI","ExpressJet Airlines Inc. (1)","82"
"HOU","Trans World Airways LLC","82"
"GPT","Envoy Air","82"
"BTM","SkyWest Airlines Inc.","82"
"AUS","ExpressJet Airlines Inc.","81"
"LGA","Frontier Airlines Inc.","81"
"CHS","ExpressJet Airlines Inc. (1)","81"
"MDT","American Airlines Inc.","81"
"GRR","SkyWest Airlines Inc.","81"
"CEC","SkyWest Airlines Inc.","81"
"ABQ","Northwest Airlines Inc.","81"
"DAY","Northwest Airlines Inc.","81"
"MHT","Delta Air Lines Inc.","80"
"PIT","Endeavor Air Inc.","80"
"PVD","ExpressJet Airlines Inc.","80"
"LAS","Mesa Airlines Inc.","80"
"FCA","Delta Air Lines Inc.","80"
"ISP","Delta Air Lines Inc.","80"
"BHM","Continental Air Lines Inc.","79"
"JAC","Delta Air Lines Inc.","79"
"BDL","ExpressJet Airlines Inc.","79"
"ECP","ExpressJet Airlines Inc.","79"
"ELM","ExpressJet Airlines Inc.","79"
"STT","US Airways Inc.","79"
"SAT","America West Airlines Inc.","79"
"BRO","ExpressJet Airlines Inc. (1)","79"
"MAF","SkyWest Airlines Inc.","79"
"BOI","Northwest Airlines Inc.","79"
"STX","American Airlines Inc.","79"
"CLT","AirTran Airways Corporation","78"
"SRQ","AirTran Airways Corporation","78"
"CLE","Endeavor Air Inc.","78"
"RDU","Endeavor Air Inc.","78"
"PWM","United Air Lines Inc.","78"
"CAK","US Airways Inc.","78"
"ROW","Envoy Air","78"
"SDF","Continental Air Lines Inc.","77"
"CAE","Independence Air","77"
"LEX","US Airways Inc.","77"
"IAD","Virgin America","77"
"IAD","Continental Air Lines Inc.","77"
"LIH","Aloha Airlines Inc.","77"
"LGB","Mesa Airlines Inc.","77"
"CHS","Continental Air Lines Inc.","76"
"CLT","Southwest Airlines Co.","76"
"ATW","SkyWest Airlines Inc.","76"
"IND","SkyWest Airlines Inc.","76"
"CHA","US Airways Inc.","76"
"COS","Continental Air Lines Inc.","76"
"LAS","Hawaiian Airlines Inc.","76"
"ITO","Mesa Airlines Inc.","76"
"ONT","Northwest Airlines Inc.","76"
"GFK","SkyWest Airlines Inc.","76"
"TOL","US Airways Inc.","76"
"BUF","ExpressJet Airlines Inc. (1)","75"
"AEX","Envoy Air","75"
"ORD","Virgin America","75"
"MOB","ExpressJet Airlines Inc. (1)","75"
"LSE","Northwest Airlines Inc.","75"
"FLG","Mesa Airlines Inc.","75"
"SRQ","JetBlue Airways","74"
"BQN","JetBlue Airways","74"
"PSP","Mesa Airlines Inc.","74"
"JAX","Trans World Airways LLC","74"
"RSW","Trans World Airways LLC","74"
"JAX","United Air Lines Inc.","73"
"CLE","Independence Air","73"
"SMF","Continental Air Lines Inc.","73"
"COS","ExpressJet Airlines Inc. (1)","73"
"TTN","Frontier Airlines Inc.","72"
"HLN","Delta Air Lines Inc.","72"
"KOA","Alaska Airlines Inc.","72"
"SAN","Virgin America","72"
"SFO","AirTran Airways Corporation","71"
"MEI","ExpressJet Airlines Inc.","71"
"GRB","SkyWest Airlines Inc.","71"
"LGA","ATA Airlines d/b/a ATA","71"
"BTV","ExpressJet Airlines Inc. (1)","71"
"TYS","United Air Lines Inc.","71"
"GSP","Independence Air","71"
"RDU","Independence Air","71"
"EWR","Independence Air","71"
"MOB","Envoy Air","71"
"SEA","Hawaiian Airlines Inc.","71"
"BUF","Comair Inc.","70"
"LGA","Endeavor Air Inc.","70"
"ROC","Southwest Airlines Co.","70"
"MLI","SkyWest Airlines Inc.","70"
"PIT","SkyWest Airlines Inc.","70"
"SGF","SkyWest Airlines Inc.","70"
"DAY","SkyWest Airlines Inc.","70"
"FLL","Virgin America","70"
"KOA","Aloha Airlines Inc.","70"
"MSO","Northwest Airlines Inc.","70"
"FLG","SkyWest Airlines Inc.","70"
"GPT","Delta Air Lines Inc.","69"
"GRR","Southwest Airlines Co.","69"
"SLC","Envoy Air","69"
"DSM","ExpressJet Airlines Inc. (1)","69"
"ANC","Continental Air Lines Inc.","69"
"BGM","US Airways Inc.","69"
"CAK","Southwest Airlines Co.","68"
"IND","Frontier Airlines Inc.","68"
"ALB","Envoy Air","68"
"SAV","Mesa Airlines Inc.","68"
"ELP","Mesa Airlines Inc.","68"
"CLE","Mesa Airlines Inc.","68"
"DEN","Spirit Air Lines","68"
"PHL","Independence Air","68"
"AMA","American Airlines Inc.","68"
"MSP","Spirit Air Lines","67"
"MCI","Envoy Air","67"
"MSN","ExpressJet Airlines Inc. (1)","67"
"GPT","ExpressJet Airlines Inc. (1)","67"
"ORD","Comair Inc.","66"
"STL","Frontier Airlines Inc.","66"
"AVP","ExpressJet Airlines Inc.","66"
"SAT","US Airways Inc.","66"
"ABQ","Envoy Air","66"
"LAN","ExpressJet Airlines Inc.","66"
"FAR","Envoy Air","66"
"MGM","Envoy Air","66"
"LBB","ExpressJet Airlines Inc. (1)","66"
"CLE","Frontier Airlines Inc.","65"
"FNT","Delta Air Lines Inc.","65"
"LGA","Spirit Air Lines","65"
"MKE","United Air Lines Inc.","65"
"HOU","JetBlue Airways","65"
"SAF","Envoy Air","65"
"EWR","Virgin America","65"
"JAN","ExpressJet Airlines Inc. (1)","65"
"SNA","Trans World Airways LLC","65"
"FSD","Trans World Airways LLC","65"
"PNS","AirTran Airways Corporation","64"
"MSN","United Air Lines Inc.","64"
"CVG","American Airlines Inc.","64"
"RIC","Continental Air Lines Inc.","64"
"MBS","Endeavor Air Inc.","64"
"EWR","Alaska Airlines Inc.","64"
"ACY","Spirit Air Lines","63"
"MDW","US Airways Inc.","63"
"MEM","Southwest Airlines Co.","63"
"BNA","Mesa Airlines Inc.","63"
"CAE","Envoy Air","63"
"PSE","JetBlue Airways","63"
"LIT","SkyWest Airlines Inc.","62"
"LNK","ExpressJet Airlines Inc.","62"
"JAX","Independence Air","62"
"CMH","SkyWest Airlines Inc.","62"
"HNL","US Airways Inc.","62"
"LRD","ExpressJet Airlines Inc.","62"
"YUM","Mesa Airlines Inc.","62"
"AUS","Frontier Airlines Inc.","61"
"GSP","Endeavor Air Inc.","61"
"BNA","Endeavor Air Inc.","61"
"EWN","ExpressJet Airlines Inc.","61"
"BMI","AirTran Airways Corporation","61"
"BTV","Independence Air","61"
"HSV","ExpressJet Airlines Inc. (1)","61"
"GSO","American Airlines Inc.","61"
"MIA","America West Airlines Inc.","61"
"BDL","ExpressJet Airlines Inc. (1)","61"
"LIH","Alaska Airlines Inc.","61"
"OAK","US Airways Inc.","61"
"CDC","SkyWest Airlines Inc.","61"
"CAK","Delta Air Lines Inc.","60"
"HPN","AirTran Airways Corporation","60"
"PNS","ExpressJet Airlines Inc. (1)","60"
"HPN","SkyWest Airlines Inc.","60"
"MDT","Mesa Airlines Inc.","60"
"ISP","US Airways Inc.","60"
"AMA","ExpressJet Airlines Inc. (1)","60"
"OTH","SkyWest Airlines Inc.","60"
"ONT","Trans World Airways LLC","60"
"EYW","Delta Air Lines Inc.","59"
"PWM","AirTran Airways Corporation","59"
"SAT","AirTran Airways Corporation","59"
"DCA","Endeavor Air Inc.","59"
"ORF","Independence Air","59"
"ROC","Independence Air","59"
"ILM","Mesa Airlines Inc.","59"
"IAH","Frontier Airlines Inc.","59"
"OXR","SkyWest Airlines Inc.","59"
"SLC","Alaska Airlines Inc.","59"
"FAT","Delta Air Lines Inc.","59"
"MCO","Alaska Airlines Inc.","59"
"TUS","Alaska Airlines Inc.","59"
"COS","Trans World Airways LLC","59"
"SBN","Northwest Airlines Inc.","59"
"EYW","ExpressJet Airlines Inc.","58"
"GRR","Comair Inc.","58"
"CHS","Independence Air","58"
"MKE","American Airlines Inc.","58"
"PWM","Independence Air","58"
"DFW","Virgin America","58"
"SJC","Trans World Airways LLC","58"
"LEX","Comair Inc.","57"
"SWF","Delta Air Lines Inc.","57"
"PHL","Frontier Airlines Inc.","57"
"STL","Comair Inc.","57"
"FAR","ExpressJet Airlines Inc.","57"
"GRR","AirTran Airways Corporation","57"
"SFO","ATA Airlines d/b/a ATA","57"
"CRW","Independence Air","57"
"SBA","Mesa Airlines Inc.","57"
"CLE","America West Airlines Inc.","57"
"MCO","Comair Inc.","57"
"GRR","Endeavor Air Inc.","57"
"BNA","Comair Inc.","56"
"SBN","Endeavor Air Inc.","56"
"CHA","Delta Air Lines Inc.","56"
"MCO","ATA Airlines d/b/a ATA","56"
"LEX","ExpressJet Airlines Inc. (1)","56"
"GSO","Independence Air","56"
"CAE","ExpressJet Airlines Inc. (1)","56"
"DUT","Alaska Airlines Inc.","56"
"CHS","JetBlue Airways","56"
"BUR","JetBlue Airways","56"
"LAN","Endeavor Air Inc.","56"
"DTW","Frontier Airlines Inc.","56"
"GJT","Mesa Airlines Inc.","56"
"LMT","SkyWest Airlines Inc.","56"
"MLB","ExpressJet Airlines Inc.","55"
"GNV","Delta Air Lines Inc.","55"
"LAX","ATA Airlines d/b/a ATA","55"
"BUF","Independence Air","55"
"DAY","Independence Air","55"
"BHM","Envoy Air","55"
"IYK","SkyWest Airlines Inc.","55"
"SFO","Envoy Air","55"
"LCH","ExpressJet Airlines Inc. (1)","55"
"MAF","Continental Air Lines Inc.","55"
"JAX","Comair Inc.","55"
"BWI","Spirit Air Lines","54"
"PIA","SkyWest Airlines Inc.","54"
"MYR","Spirit Air Lines","54"
"RDU","Mesa Airlines Inc.","54"
"BLI","Alaska Airlines Inc.","54"
"HRL","ExpressJet Airlines Inc.","54"
"BTR","Northwest Airlines Inc.","54"
"CID","Northwest Airlines Inc.","54"
"ISN","SkyWest Airlines Inc.","54"
"PVD","Envoy Air","54"
"TYS","Trans World Airways LLC","54"
"SHV","Trans World Airways LLC","54"
"SBN","Delta Air Lines Inc.","54"
"BWI","ExpressJet Airlines Inc.","53"
"CHS","Comair Inc.","53"
"SDF","Comair Inc.","53"
"FWA","Endeavor Air Inc.","53"
"FSM","ExpressJet Airlines Inc.","53"
"CMH","Endeavor Air Inc.","53"
"PSP","United Air Lines Inc.","53"
"SDF","Mesa Airlines Inc.","53"
"HPN","US Airways Inc.","53"
"GJT","Envoy Air","53"
"MCO","Envoy Air","53"
"PHL","Endeavor Air Inc.","53"
"FNT","Endeavor Air Inc.","53"
"SWF","JetBlue Airways","53"
"ABQ","US Airways Inc.","53"
"CID","Endeavor Air Inc.","52"
"STL","Endeavor Air Inc.","52"
"SDF","SkyWest Airlines Inc.","52"
"FAI","Delta Air Lines Inc.","52"
"BGR","Delta Air Lines Inc.","52"
"LCH","ExpressJet Airlines Inc.","52"
"CRP","Continental Air Lines Inc.","52"
"SMF","Trans World Airways LLC","52"
"LWS","SkyWest Airlines Inc.","52"
"ATW","Endeavor Air Inc.","51"
"MYR","Delta Air Lines Inc.","51"
"MLI","Endeavor Air Inc.","51"
"SYR","Comair Inc.","51"
"TPA","Spirit Air Lines","51"
"OMA","Continental Air Lines Inc.","51"
"MQT","Envoy Air","51"
"ISP","Envoy Air","51"
"PHX","JetBlue Airways","51"
"IPL","SkyWest Airlines Inc.","51"
"BHM","Comair Inc.","51"
"SMF","Frontier Airlines Inc.","51"
"EWR","AirTran Airways Corporation","50"
"FWA","ExpressJet Airlines Inc.","50"
"FNT","ExpressJet Airlines Inc.","50"
"FNT","Southwest Airlines Co.","50"
"ABE","Independence Air","50"
"IAD","Envoy Air","50"
"HPN","Independence Air","50"
"DTW","Mesa Airlines Inc.","50"
"ITO","Aloha Airlines Inc.","50"
"ABQ","ExpressJet Airlines Inc. (1)","50"
"AEX","ExpressJet Airlines Inc. (1)","50"
"OAK","Continental Air Lines Inc.","50"
"ELP","ExpressJet Airlines Inc. (1)","50"
"MSP","Alaska Airlines Inc.","50"
"FLL","Frontier Airlines Inc.","50"
"BWI","Comair Inc.","49"
"MIA","AirTran Airways Corporation","49"
"IAD","Endeavor Air Inc.","49"
"DSM","Comair Inc.","49"
"BNA","Frontier Airlines Inc.","49"
"ROA","Independence Air","49"
"TPA","Frontier Airlines Inc.","49"
"SJC","JetBlue Airways","49"
"GEG","US Airways Inc.","49"
"MDW","Endeavor Air Inc.","48"
"SDF","Endeavor Air Inc.","48"
"SAV","Comair Inc.","48"
"CLT","Independence Air","48"
"JAX","Mesa Airlines Inc.","48"
"BNA","Independence Air","48"
"TYR","ExpressJet Airlines Inc.","48"
"KOA","American Airlines Inc.","48"
"LIH","American Airlines Inc.","48"
"PHX","Envoy Air","48"
"LRD","ExpressJet Airlines Inc. (1)","48"
"TVC","Endeavor Air Inc.","48"
"RIC","Comair Inc.","48"
"MDW","ExpressJet Airlines Inc.","47"
"OMA","Endeavor Air Inc.","47"
"AVL","SkyWest Airlines Inc.","47"
"BUF","Mesa Airlines Inc.","47"
"MDT","Independence Air","47"
"IND","Comair Inc.","47"
"MLU","Envoy Air","47"
"AZO","Endeavor Air Inc.","47"
"TUS","Northwest Airlines Inc.","47"
"RSW","Envoy Air","47"
"ORF","Comair Inc.","46"
"LAN","Independence Air","46"
"JAC","American Airlines Inc.","46"
"PAH","SkyWest Airlines Inc.","46"
"CMX","SkyWest Airlines Inc.","46"
"EAU","SkyWest Airlines Inc.","46"
"AUS","US Airways Inc.","46"
"SHV","ExpressJet Airlines Inc. (1)","46"
"PHL","JetBlue Airways","46"
"GEG","America West Airlines Inc.","46"
"HDN","SkyWest Airlines Inc.","46"
"AVL","ExpressJet Airlines Inc. (1)","46"
"LGA","ExpressJet Airlines Inc. (1)","46"
"ORD","Endeavor Air Inc.","45"
"BOS","Spirit Air Lines","45"
"MLI","AirTran Airways Corporation","45"
"DAY","Comair Inc.","45"
"DAY","Endeavor Air Inc.","45"
"PIE","ATA Airlines d/b/a ATA","45"
"SPI","Envoy Air","45"
"ELP","Envoy Air","45"
"PDX","Hawaiian Airlines Inc.","45"
"IDA","Delta Air Lines Inc.","45"
"BFL","Mesa Airlines Inc.","45"
"MRY","United Air Lines Inc.","45"
"FWA","Delta Air Lines Inc.","44"
"XNA","Endeavor Air Inc.","44"
"BHM","United Air Lines Inc.","44"
"BHM","Mesa Airlines Inc.","44"
"BHM","SkyWest Airlines Inc.","44"
"TYS","Independence Air","44"
"IND","Independence Air","44"
"SDF","United Air Lines Inc.","44"
"BGR","Comair Inc.","44"
"STT","JetBlue Airways","44"
"MKE","Continental Air Lines Inc.","44"
"SRQ","Trans World Airways LLC","44"
"OMA","US Airways Inc.","44"
"PIT","Independence Air","44"
"FWA","Northwest Airlines Inc.","44"
"LEX","Endeavor Air Inc.","43"
"ORF","Endeavor Air Inc.","43"
"PHL","Comair Inc.","43"
"PIT","Comair Inc.","43"
"DAY","Southwest Airlines Co.","43"
"LAS","ATA Airlines d/b/a ATA","43"
"CWA","Envoy Air","43"
"LGA","Mesa Airlines Inc.","43"
"LCH","Envoy Air","43"
"GPT","Northwest Airlines Inc.","43"
"SUX","Northwest Airlines Inc.","43"
"DLH","Endeavor Air Inc.","43"
"BUR","Mesa Airlines Inc.","43"
"CAK","Comair Inc.","42"
"BHM","Endeavor Air Inc.","42"
"GSP","Comair Inc.","42"
"CLE","Comair Inc.","42"
"DSM","Mesa Airlines Inc.","42"
"CMH","Comair Inc.","42"
"SRQ","Continental Air Lines Inc.","42"
"SJC","Hawaiian Airlines Inc.","42"
"CVG","US Airways Inc.","42"
"ABQ","Mesa Airlines Inc.","42"
"MCI","Endeavor Air Inc.","41"
"MIA","Frontier Airlines Inc.","41"
"MEM","Comair Inc.","41"
"LEX","SkyWest Airlines Inc.","41"
"FWA","Independence Air","41"
"AKN","Alaska Airlines Inc.","41"
"PWM","Comair Inc.","41"
"OAK","Hawaiian Airlines Inc.","41"
"IAD","America West Airlines Inc.","41"
"PBI","ExpressJet Airlines Inc. (1)","41"
"BOS","Endeavor Air Inc.","41"
"IAH","Trans World Airways LLC","41"
"CHO","Independence Air","41"
"TOL","Independence Air","41"
"GEG","Frontier Airlines Inc.","41"
"PHL","ExpressJet Airlines Inc.","40"
"ROC","Comair Inc.","40"
"TOL","Delta Air Lines Inc.","40"
"ISP","American Airlines Inc.","40"
"BDL","Mesa Airlines Inc.","40"
"SYR","Independence Air","40"
"TVC","ExpressJet Airlines Inc.","40"
"FLL","America West Airlines Inc.","40"
"LSE","SkyWest Airlines Inc.","40"
"GRB","Endeavor Air Inc.","40"
"PVD","JetBlue Airways","40"
"SRQ","Northwest Airlines Inc.","40"
"AUS","Endeavor Air Inc.","39"
"CVG","Frontier Airlines Inc.","39"
"FCA","Northwest Airlines Inc.","39"
"SWF","US Airways Inc.","39"
"MKG","SkyWest Airlines Inc.","39"
"PWM","Mesa Airlines Inc.","39"
"TUS","ExpressJet Airlines Inc. (1)","39"
"RHI","SkyWest Airlines Inc.","39"
"PHL","ExpressJet Airlines Inc. (1)","39"
"OMA","Frontier Airlines Inc.","39"
"IAH","Comair Inc.","38"
"OMA","Comair Inc.","38"
"ALB","Independence Air","38"
"IND","Mesa Airlines Inc.","38"
"MSY","SkyWest Airlines Inc.","38"
"CLL","ExpressJet Airlines Inc.","38"
"ISN","ExpressJet Airlines Inc.","38"
"SFO","Hawaiian Airlines Inc.","38"
"RSW","Spirit Air Lines","37"
"DAL","Delta Air Lines Inc.","37"
"LAN","SkyWest Airlines Inc.","37"
"EWR","Mesa Airlines Inc.","37"
"PWM","ExpressJet Airlines Inc. (1)","37"
"SBN","Independence Air","37"
"CAE","Mesa Airlines Inc.","37"
"VPS","ExpressJet Airlines Inc. (1)","37"
"MSN","Endeavor Air Inc.","37"
"TPA","Envoy Air","37"
"BOI","US Airways Inc.","37"
"CHS","Endeavor Air Inc.","36"
"BUF","Endeavor Air Inc.","36"
"TYS","SkyWest Airlines Inc.","36"
"ORF","SkyWest Airlines Inc.","36"
"MDT","Comair Inc.","36"
"CLE","Spirit Air Lines","36"
"SLC","Comair Inc.","36"
"MSP","ATA Airlines d/b/a ATA","36"
"ABE","ExpressJet Airlines Inc. (1)","36"
"SAN","Spirit Air Lines","36"
"SYR","Mesa Airlines Inc.","36"
"GRB","ExpressJet Airlines Inc. (1)","36"
"ABQ","ExpressJet Airlines Inc.","36"
"MCI","Comair Inc.","36"
"AUS","Alaska Airlines Inc.","36"
"ABE","Comair Inc.","35"
"LYH","ExpressJet Airlines Inc.","35"
"MSY","Spirit Air Lines","35"
"CLT","SkyWest Airlines Inc.","35"
"DCA","SkyWest Airlines Inc.","35"
"COS","ExpressJet Airlines Inc.","35"
"COU","Envoy Air","35"
"MYR","Mesa Airlines Inc.","35"
"TUS","ExpressJet Airlines Inc.","35"
"SBP","Mesa Airlines Inc.","35"
"IAH","Endeavor Air Inc.","34"
"GSP","Continental Air Lines Inc.","34"
"ROC","Endeavor Air Inc.","34"
"MCI","Mesa Airlines Inc.","34"
"SWF","Envoy Air","34"
"SAT","Envoy Air","34"
"PVD","Mesa Airlines Inc.","34"
"EGE","United Air Lines Inc.","34"
"CVG","Mesa Airlines Inc.","34"
"DAB","US Airways Inc.","34"
"BPT","Envoy Air","34"
"BRO","Envoy Air","34"
"PHL","Virgin America","34"
"PDX","Virgin America","34"
"BPT","ExpressJet Airlines Inc. (1)","34"
"JAN","Northwest Airlines Inc.","34"
"BOI","America West Airlines Inc.","34"
"DCA","Virgin America","34"
"MCN","ExpressJet Airlines Inc.","33"
"GSO","Endeavor Air Inc.","33"
"IAD","Comair Inc.","33"
"GPT","AirTran Airways Corporation","33"
"EVV","Endeavor Air Inc.","33"
"DSM","Delta Air Lines Inc.","33"
"CID","Independence Air","33"
"COS","Mesa Airlines Inc.","33"
"RSW","Frontier Airlines Inc.","33"
"SAN","Hawaiian Airlines Inc.","33"
"SMF","Hawaiian Airlines Inc.","33"
"JAX","Endeavor Air Inc.","33"
"FAR","Delta Air Lines Inc.","33"
"RNO","Trans World Airways LLC","33"
"CAK","Endeavor Air Inc.","33"
"HSV","Endeavor Air Inc.","32"
"JAN","Endeavor Air Inc.","32"
"IAD","Frontier Airlines Inc.","32"
"FLO","ExpressJet Airlines Inc.","32"
"DAB","ExpressJet Airlines Inc.","32"
"DFW","ATA Airlines d/b/a ATA","32"
"LEX","Independence Air","32"
"OAK","Spirit Air Lines","32"
"CWA","SkyWest Airlines Inc.","32"
"RAP","ExpressJet Airlines Inc.","32"
"SAV","Independence Air","32"
"DTW","Independence Air","32"
"MLB","US Airways Inc.","32"
"RIC","Mesa Airlines Inc.","32"
"SNA","Mesa Airlines Inc.","32"
"BWI","Endeavor Air Inc.","32"
"SJU","Northwest Airlines Inc.","32"
"KOA","US Airways Inc.","32"
"DRO","Mesa Airlines Inc.","32"
"HOU","Endeavor Air Inc.","31"
"PHF","Delta Air Lines Inc.","31"
"PWM","Endeavor Air Inc.","31"
"MDT","Endeavor Air Inc.","31"
"PHX","ATA Airlines d/b/a ATA","31"
"PIT","Mesa Airlines Inc.","31"
"TVC","SkyWest Airlines Inc.","31"
"BTV","Comair Inc.","31"
"GJT","ExpressJet Airlines Inc.","31"
"BJI","SkyWest Airlines Inc.","31"
"ATL","Alaska Airlines Inc.","31"
"ELM","Endeavor Air Inc.","31"
"LGA","America West Airlines Inc.","31"
"ALB","Endeavor Air Inc.","30"
"AVL","Delta Air Lines Inc.","30"
"TRI","Delta Air Lines Inc.","30"
"PHX","AirTran Airways Corporation","30"
"SEA","AirTran Airways Corporation","30"
"AVP","Delta Air Lines Inc.","30"
"PWM","Southwest Airlines Co.","30"
"CRW","ExpressJet Airlines Inc. (1)","30"
"DFW","Mesa Airlines Inc.","30"
"AZO","Independence Air","30"
"BDL","Independence Air","30"
"HDN","American Airlines Inc.","30"
"CWA","ExpressJet Airlines Inc.","30"
"CMH","Independence Air","30"
"PNS","Mesa Airlines Inc.","30"
"TLH","US Airways Inc.","30"
"DFW","JetBlue Airways","30"
"GRI","Envoy Air","30"
"DRO","Envoy Air","30"
"DAL","SkyWest Airlines Inc.","30"
"PHX","Hawaiian Airlines Inc.","30"
"GUM","United Air Lines Inc.","30"
"LGA","Independence Air","30"
"ABE","Endeavor Air Inc.","29"
"PHL","Spirit Air Lines","29"
"SYR","Endeavor Air Inc.","29"
"HDN","United Air Lines Inc.","29"
"FNT","Envoy Air","29"
"DLG","Alaska Airlines Inc.","29"
"STL","Mesa Airlines Inc.","29"
"DTW","JetBlue Airways","29"
"MCO","Virgin America","29"
"HIB","SkyWest Airlines Inc.","29"
"HPN","ExpressJet Airlines Inc. (1)","29"
"OGG","US Airways Inc.","29"
"BKG","AirTran Airways Corporation","28"
"EWR","ATA Airlines d/b/a ATA","28"
"DAY","Continental Air Lines Inc.","28"
"BGR","Independence Air","28"
"SLC","ExpressJet Airlines Inc.","28"
"BRO","Continental Air Lines Inc.","28"
"DFW","Endeavor Air Inc.","28"
"ABR","SkyWest Airlines Inc.","28"
"GRB","Delta Air Lines Inc.","28"
"MHT","Continental Air Lines Inc.","28"
"GNV","Envoy Air","28"
"OAK","Mesa Airlines Inc.","28"
"AUS","Virgin America","28"
"LGA","Virgin America","28"
"SWF","Endeavor Air Inc.","28"
"EVV","Independence Air","28"
"MDW","ExpressJet Airlines Inc. (1)","28"
"CLT","Endeavor Air Inc.","27"
"TYS","Comair Inc.","27"
"FNT","Comair Inc.","27"
"FLL","ATA Airlines d/b/a ATA","27"
"DEN","ATA Airlines d/b/a ATA","27"
"DSM","Southwest Airlines Co.","27"
"KOA","Delta Air Lines Inc.","27"
"RNO","Envoy Air","27"
"RNO","Continental Air Lines Inc.","27"
"DFW","Comair Inc.","27"
"CWA","Endeavor Air Inc.","27"
"RST","SkyWest Airlines Inc.","27"
"ANC","US Airways Inc.","27"
"LGB","Alaska Airlines Inc.","27"
"IAH","Alaska Airlines Inc.","27"
"BTV","Endeavor Air Inc.","27"
"ERI","Endeavor Air Inc.","27"
"DAY","Frontier Airlines Inc.","27"
"SBN","Comair Inc.","26"
"RSW","ATA Airlines d/b/a ATA","26"
"MHT","Mesa Airlines Inc.","26"
"FSD","ExpressJet Airlines Inc. (1)","26"
"CHO","Envoy Air","26"
"HRL","American Airlines Inc.","26"
"DRO","ExpressJet Airlines Inc.","26"
"LIH","Delta Air Lines Inc.","26"
"EFD","ExpressJet Airlines Inc. (1)","26"
"BRD","SkyWest Airlines Inc.","26"
"CLT","Comair Inc.","26"
"APN","SkyWest Airlines Inc.","26"
"RIC","Endeavor Air Inc.","26"
"CAE","Comair Inc.","26"
"DAB","Continental Air Lines Inc.","26"
"WYS","SkyWest Airlines Inc.","26"
"AVP","Endeavor Air Inc.","26"
"CAK","SkyWest Airlines Inc.","25"
"MCI","Spirit Air Lines","25"
"SBN","Mesa Airlines Inc.","25"
"DLH","Envoy Air","25"
"INL","SkyWest Airlines Inc.","25"
"ACK","JetBlue Airways","25"
"JLN","Envoy Air","25"
"LAX","Mesa Airlines Inc.","25"
"HNL","Trans World Airways LLC","25"
"HOB","ExpressJet Airlines Inc.","25"
"MSY","ExpressJet Airlines Inc. (1)","25"
"LSE","Endeavor Air Inc.","25"
"BMI","Endeavor Air Inc.","25"
"PVD","Independence Air","25"
"BGM","Endeavor Air Inc.","25"
"EGE","SkyWest Airlines Inc.","25"
"STX","Delta Air Lines Inc.","24"
"DCA","ATA Airlines d/b/a ATA","24"
"ALB","Mesa Airlines Inc.","24"
"CHO","SkyWest Airlines Inc.","24"
"GSO","Mesa Airlines Inc.","24"
"SAV","JetBlue Airways","24"
"BPT","ExpressJet Airlines Inc.","24"
"SAF","ExpressJet Airlines Inc.","24"
"HNL","ATA Airlines d/b/a ATA","24"
"LBB","Continental Air Lines Inc.","24"
"BIS","Endeavor Air Inc.","24"
"FSD","Endeavor Air Inc.","24"
"FNT","SkyWest Airlines Inc.","24"
"BGR","ExpressJet Airlines Inc.","24"
"FLL","Comair Inc.","24"
"MHT","Independence Air","24"
"SCE","Endeavor Air Inc.","24"
"EWR","Comair Inc.","23"
"SWF","ExpressJet Airlines Inc.","23"
"PIA","Endeavor Air Inc.","23"
"RIC","Southwest Airlines Co.","23"
"TLH","Endeavor Air Inc.","23"
"FAY","Delta Air Lines Inc.","23"
"CLT","ATA Airlines d/b/a ATA","23"
"BOS","ATA Airlines d/b/a ATA","23"
"PHL","ATA Airlines d/b/a ATA","23"
"ATW","Mesa Airlines Inc.","23"
"LBE","Spirit Air Lines","23"
"MIA","Mesa Airlines Inc.","23"
"ROC","Mesa Airlines Inc.","23"
"MFE","ExpressJet Airlines Inc. (1)","23"
"IMT","SkyWest Airlines Inc.","23"
"RST","Endeavor Air Inc.","23"
"EYW","Southwest Airlines Co.","23"
"BQN","Continental Air Lines Inc.","23"
"BOS","ExpressJet Airlines Inc. (1)","23"
"PWM","Northwest Airlines Inc.","23"
"PNS","Endeavor Air Inc.","22"
"MKE","Endeavor Air Inc.","22"
"FSD","Delta Air Lines Inc.","22"
"SGF","Endeavor Air Inc.","22"
"PVD","Endeavor Air Inc.","22"
"MDT","AirTran Airways Corporation","22"
"ANC","American Airlines Inc.","22"
"CID","ExpressJet Airlines Inc. (1)","22"
"MSY","Envoy Air","22"
"RAP","Envoy Air","22"
"SUX","Envoy Air","22"
"ALO","Envoy Air","22"
"FAR","ExpressJet Airlines Inc. (1)","22"
"LIT","Mesa Airlines Inc.","22"
"ONT","ExpressJet Airlines Inc.","22"
"CSG","Envoy Air","22"
"CVG","Continental Air Lines Inc.","22"
"HDN","Continental Air Lines Inc.","22"
"LIH","US Airways Inc.","22"
"SCE","Independence Air","22"
"HSV","SkyWest Airlines Inc.","21"
"ISP","Comair Inc.","21"
"SAT","Frontier Airlines Inc.","21"
"TLH","Comair Inc.","21"
"TOL","Comair Inc.","21"
"EVV","Comair Inc.","21"
"XNA","Comair Inc.","21"
"SEA","ATA Airlines d/b/a ATA","21"
"PIA","ExpressJet Airlines Inc. (1)","21"
"RDU","SkyWest Airlines Inc.","21"
"MDT","ExpressJet Airlines Inc. (1)","21"
"FAR","Independence Air","21"
"PHX","ExpressJet Airlines Inc. (1)","21"
"BDL","Endeavor Air Inc.","21"
"RIC","Trans World Airways LLC","21"
"STL","Alaska Airlines Inc.","21"
"SDF","Independence Air","21"
"ITH","Endeavor Air Inc.","21"
"CAK","Frontier Airlines Inc.","21"
"LAR","SkyWest Airlines Inc.","21"
"MTJ","Mesa Airlines Inc.","21"
"ROA","Endeavor Air Inc.","20"
"HPN","Endeavor Air Inc.","20"
"SRQ","Comair Inc.","20"
"CRW","Envoy Air","20"
"MEM","Independence Air","20"
"PIA","Independence Air","20"
"PHX","Spirit Air Lines","20"
"SRQ","Mesa Airlines Inc.","20"
"STT","United Air Lines Inc.","20"
"STX","US Airways Inc.","20"
"GUC","American Airlines Inc.","20"
"RDU","America West Airlines Inc.","20"
"SMF","Envoy Air","20"
"MCO","ExpressJet Airlines Inc.","20"
"CLL","SkyWest Airlines Inc.","20"
"LIT","Comair Inc.","20"
"MRY","Mesa Airlines Inc.","20"
"IAD","Alaska Airlines Inc.","20"
"MLI","American Airlines Inc.","20"
"ATW","Comair Inc.","19"
"MSY","Frontier Airlines Inc.","19"
"PSP","Delta Air Lines Inc.","19"
"SAT","Endeavor Air Inc.","19"
"AVP","Comair Inc.","19"
"BHM","Independence Air","19"
"BTV","Envoy Air","19"
"MBS","Independence Air","19"
"TXK","ExpressJet Airlines Inc.","19"
"BDL","America West Airlines Inc.","19"
"BFL","Envoy Air","19"
"OAK","Envoy Air","19"
"PFN","Endeavor Air Inc.","19"
"SHV","Endeavor Air Inc.","19"
"GFK","Endeavor Air Inc.","19"
"BDL","Comair Inc.","19"
"MSY","America West Airlines Inc.","19"
"JAN","Trans World Airways LLC","19"
"ATL","Independence Air","19"
"MSY","Endeavor Air Inc.","18"
"MOB","Endeavor Air Inc.","18"
"MKE","Comair Inc.","18"
"BZN","United Air Lines Inc.","18"
"GSP","Mesa Airlines Inc.","18"
"DAY","Mesa Airlines Inc.","18"
"TYS","American Airlines Inc.","18"
"LBB","American Airlines Inc.","18"
"ACT","ExpressJet Airlines Inc.","18"
"SFO","Mesa Airlines Inc.","18"
"AGS","ExpressJet Airlines Inc. (1)","18"
"MLU","ExpressJet Airlines Inc. (1)","18"
"MFE","United Air Lines Inc.","18"
"PNS","Southwest Airlines Co.","18"
"MIA","ExpressJet Airlines Inc.","18"
"GPT","Endeavor Air Inc.","18"
"LGB","US Airways Inc.","18"
"ANC","Trans World Airways LLC","18"
"MDW","Trans World Airways LLC","18"
"BGM","Independence Air","18"
"AZO","ExpressJet Airlines Inc.","17"
"ROA","Comair Inc.","17"
"HPN","Comair Inc.","17"
"EGE","Delta Air Lines Inc.","17"
"SLC","Endeavor Air Inc.","17"
"BKG","Southwest Airlines Co.","17"
"CID","Mesa Airlines Inc.","17"
"HSV","Mesa Airlines Inc.","17"
"RIC","Independence Air","17"
"FSD","Mesa Airlines Inc.","17"
"SGF","ExpressJet Airlines Inc. (1)","17"
"SYR","SkyWest Airlines Inc.","17"
"ERI","ExpressJet Airlines Inc.","17"
"OMA","Mesa Airlines Inc.","17"
"PBI","ExpressJet Airlines Inc.","17"
"SAT","ExpressJet Airlines Inc. (1)","17"
"BTR","Endeavor Air Inc.","17"
"BIS","Delta Air Lines Inc.","17"
"DIK","SkyWest Airlines Inc.","17"
"ALB","Comair Inc.","17"
"STT","Continental Air Lines Inc.","17"
"EYW","AirTran Airways Corporation","17"
"ORH","JetBlue Airways","17"
"DIK","ExpressJet Airlines Inc.","17"
"ACY","AirTran Airways Corporation","16"
"HTS","ExpressJet Airlines Inc.","16"
"CHS","SkyWest Airlines Inc.","16"
"LIT","Endeavor Air Inc.","16"
"JAN","Comair Inc.","16"
"MYR","Comair Inc.","16"
"MTJ","ExpressJet Airlines Inc.","16"
"SCE","ExpressJet Airlines Inc.","16"
"ILG","Frontier Airlines Inc.","16"
"CAE","Endeavor Air Inc.","16"
"CAK","Independence Air","16"
"CLT","Frontier Airlines Inc.","16"
"BIS","ExpressJet Airlines Inc.","16"
"LNK","ExpressJet Airlines Inc. (1)","16"
"MLI","Independence Air","16"
"PDX","Spirit Air Lines","16"
"ART","Envoy Air","16"
"GRR","Independence Air","16"
"AUS","ExpressJet Airlines Inc. (1)","16"
"CLE","JetBlue Airways","16"
"SNA","ExpressJet Airlines Inc.","16"
"CRP","American Airlines Inc.","16"
"SJC","Virgin America","16"
"ILE","SkyWest Airlines Inc.","16"
"MTJ","ExpressJet Airlines Inc. (1)","16"
"TYR","SkyWest Airlines Inc.","16"
"MDW","Comair Inc.","16"
"EGE","Northwest Airlines Inc.","16"
"BUR","US Airways Inc.","16"
"MCI","Alaska Airlines Inc.","16"
"MIA","Alaska Airlines Inc.","16"
"SGF","American Airlines Inc.","16"
"TRI","Independence Air","16"
"TUS","Frontier Airlines Inc.","16"
"AVL","Endeavor Air Inc.","15"
"MHT","Comair Inc.","15"
"EWR","Endeavor Air Inc.","15"
"ILM","Delta Air Lines Inc.","15"
"MIA","ATA Airlines d/b/a ATA","15"
"ATW","ExpressJet Airlines Inc. (1)","15"
"CAE","Continental Air Lines Inc.","15"
"OAK","Aloha Airlines Inc.","15"
"SNA","AirTran Airways Corporation","15"
"VIS","SkyWest Airlines Inc.","15"
"RSW","ExpressJet Airlines Inc. (1)","15"
"DAL","Endeavor Air Inc.","15"
"MSN","Comair Inc.","15"
"PHL","SkyWest Airlines Inc.","15"
"PHL","Alaska Airlines Inc.","15"
"JMS","SkyWest Airlines Inc.","15"
"MSN","Independence Air","15"
"CPR","Mesa Airlines Inc.","15"
"ATW","Delta Air Lines Inc.","14"
"RST","ExpressJet Airlines Inc.","14"
"TOL","ExpressJet Airlines Inc.","14"
"SAV","Endeavor Air Inc.","14"
"HSV","AirTran Airways Corporation","14"
"SJU","ATA Airlines d/b/a ATA","14"
"CRW","SkyWest Airlines Inc.","14"
"BTV","Mesa Airlines Inc.","14"
"ROA","ExpressJet Airlines Inc. (1)","14"
"RAP","ExpressJet Airlines Inc. (1)","14"
"BFL","American Airlines Inc.","14"
"OAK","ExpressJet Airlines Inc.","14"
"OGG","ATA Airlines d/b/a ATA","14"
"ITO","United Air Lines Inc.","14"
"TUS","Envoy Air","14"
"ABI","SkyWest Airlines Inc.","14"
"JFK","Continental Air Lines Inc.","14"
"MTJ","Continental Air Lines Inc.","14"
"MFE","SkyWest Airlines Inc.","14"
"CLL","ExpressJet Airlines Inc. (1)","14"
"JFK","Hawaiian Airlines Inc.","14"
"PSP","Northwest Airlines Inc.","14"
"GRB","Comair Inc.","14"
"MYR","Continental Air Lines Inc.","14"
"MDT","Frontier Airlines Inc.","14"
"RNO","Mesa Airlines Inc.","14"
"MEM","Trans World Airways LLC","14"
"CIU","SkyWest Airlines Inc.","14"
"SWF","Comair Inc.","14"
"ASE","Mesa Airlines Inc.","14"
"MSN","Frontier Airlines Inc.","14"
"GUC","SkyWest Airlines Inc.","14"
"PFN","Delta Air Lines Inc.","13"
"ROA","Delta Air Lines Inc.","13"
"RDU","Frontier Airlines Inc.","13"
"SHV","Comair Inc.","13"
"SRQ","ExpressJet Airlines Inc.","13"
"CAK","ExpressJet Airlines Inc. (1)","13"
"ABE","Mesa Airlines Inc.","13"
"AVP","ExpressJet Airlines Inc. (1)","13"
"DAL","Envoy Air","13"
"PHF","US Airways Inc.","13"
"LFT","Continental Air Lines Inc.","13"
"MEM","Continental Air Lines Inc.","13"
"VCT","SkyWest Airlines Inc.","13"
"LIT","United Air Lines Inc.","13"
"TPA","ExpressJet Airlines Inc.","13"
"FSM","Endeavor Air Inc.","13"
"MDW","SkyWest Airlines Inc.","13"
"ANC","America West Airlines Inc.","13"
"ONT","Mesa Airlines Inc.","13"
"FLL","Envoy Air","13"
"FLL","ExpressJet Airlines Inc.","13"
"BGM","Comair Inc.","13"
"CHA","Independence Air","13"
"SJC","Frontier Airlines Inc.","13"
"DSM","Frontier Airlines Inc.","13"
"LWB","ExpressJet Airlines Inc.","12"
"MLU","SkyWest Airlines Inc.","12"
"VPS","Endeavor Air Inc.","12"
"FWA","Comair Inc.","12"
"PIT","ATA Airlines d/b/a ATA","12"
"ABE","SkyWest Airlines Inc.","12"
"BOS","SkyWest Airlines Inc.","12"
"LAN","ExpressJet Airlines Inc. (1)","12"
"BDL","SkyWest Airlines Inc.","12"
"HVN","United Air Lines Inc.","12"
"PHL","Mesa Airlines Inc.","12"
"TVC","Mesa Airlines Inc.","12"
"TVC","ExpressJet Airlines Inc. (1)","12"
"SRQ","United Air Lines Inc.","12"
"BOI","Envoy Air","12"
"FAY","Envoy Air","12"
"OGG","Continental Air Lines Inc.","12"
"DVL","SkyWest Airlines Inc.","12"
"LBB","Endeavor Air Inc.","12"
"MGM","Endeavor Air Inc.","12"
"MFE","Endeavor Air Inc.","12"
"SAT","Comair Inc.","12"
"HDN","Northwest Airlines Inc.","12"
"RAP","Delta Air Lines Inc.","12"
"BGR","Endeavor Air Inc.","12"
"DAB","ExpressJet Airlines Inc. (1)","12"
"FWA","US Airways Inc.","12"
"MMH","SkyWest Airlines Inc.","12"
"ESC","SkyWest Airlines Inc.","12"
"MDW","Independence Air","12"
"ABQ","Frontier Airlines Inc.","12"
"ANC","Frontier Airlines Inc.","12"
"ABE","AirTran Airways Corporation","11"
"CRW","Comair Inc.","11"
"XNA","Delta Air Lines Inc.","11"
"BTV","AirTran Airways Corporation","11"
"MLI","Mesa Airlines Inc.","11"
"ROA","SkyWest Airlines Inc.","11"
"ROA","Mesa Airlines Inc.","11"
"SGF","Independence Air","11"
"STL","Independence Air","11"
"PLN","SkyWest Airlines Inc.","11"
"AVP","Mesa Airlines Inc.","11"
"AGS","Envoy Air","11"
"GSO","SkyWest Airlines Inc.","11"
"PHX","ExpressJet Airlines Inc.","11"
"ANC","JetBlue Airways","11"
"BWI","Alaska Airlines Inc.","11"
"SJT","SkyWest Airlines Inc.","11"
"GPT","Continental Air Lines Inc.","11"
"FAR","Endeavor Air Inc.","11"
"DCA","Independence Air","11"
"BOS","Frontier Airlines Inc.","11"
"BOI","Alaska Airlines Inc.","11"
"SAT","Alaska Airlines Inc.","11"
"FLL","Alaska Airlines Inc.","11"
"DTW","Alaska Airlines Inc.","11"
"STX","JetBlue Airways","11"
"AVL","Independence Air","11"
"HTS","Comair Inc.","11"
"TPA","Comair Inc.","11"
"ISP","ExpressJet Airlines Inc. (1)","11"
"BKG","Frontier Airlines Inc.","11"
"CRW","Delta Air Lines Inc.","10"
"MHT","Endeavor Air Inc.","10"
"PVD","Comair Inc.","10"
"CHA","SkyWest Airlines Inc.","10"
"CHA","Endeavor Air Inc.","10"
"CSG","Delta Air Lines Inc.","10"
"SRQ","ATA Airlines d/b/a ATA","10"
"ABE","Envoy Air","10"
"TRI","Envoy Air","10"
"BOS","Mesa Airlines Inc.","10"
"BIS","ExpressJet Airlines Inc. (1)","10"
"LNK","Independence Air","10"
"LGA","SkyWest Airlines Inc.","10"
"FSD","Independence Air","10"
"ORH","Envoy Air","10"
"AVP","SkyWest Airlines Inc.","10"
"CHS","American Airlines Inc.","10"
"CMH","Mesa Airlines Inc.","10"
"ACY","Independence Air","10"
"ASE","Envoy Air","10"
"SJT","ExpressJet Airlines Inc.","10"
"BTR","Continental Air Lines Inc.","10"
"SLC","ExpressJet Airlines Inc. (1)","10"
"ACT","SkyWest Airlines Inc.","10"
"EGE","Continental Air Lines Inc.","10"
"MLB","Continental Air Lines Inc.","10"
"PWM","Continental Air Lines Inc.","10"
"JNU","Delta Air Lines Inc.","10"
"JFK","Mesa Airlines Inc.","10"
"CMI","Independence Air","10"
"MKE","Independence Air","10"
"MIA","ExpressJet Airlines Inc. (1)","10"
"BIL","ExpressJet Airlines Inc.","10"
"LIT","Frontier Airlines Inc.","10"
"HOU","Frontier Airlines Inc.","10"
"SDF","Frontier Airlines Inc.","10"
"FSD","Frontier Airlines Inc.","10"
"GUC","Mesa Airlines Inc.","10"
"EGE","Mesa Airlines Inc.","10"
"BDL","AirTran Airways Corporation","9"
"HDN","Delta Air Lines Inc.","9"
"GSP","SkyWest Airlines Inc.","9"
"GSO","AirTran Airways Corporation","9"
"MSY","Comair Inc.","9"
"SJC","ATA Airlines d/b/a ATA","9"
"LAN","Mesa Airlines Inc.","9"
"IAH","Mesa Airlines Inc.","9"
"MTJ","American Airlines Inc.","9"
"AVP","Independence Air","9"
"DSM","US Airways Inc.","9"
"ILE","ExpressJet Airlines Inc.","9"
"TLH","SkyWest Airlines Inc.","9"
"HRL","Envoy Air","9"
"DRO","American Airlines Inc.","9"
"SAN","Mesa Airlines Inc.","9"
"SAF","SkyWest Airlines Inc.","9"
"DRO","ExpressJet Airlines Inc. (1)","9"
"MDW","Envoy Air","9"
"ABQ","JetBlue Airways","9"
"BQN","American Airlines Inc.","9"
"BQN","United Air Lines Inc.","9"
"ROC","Continental Air Lines Inc.","9"
"LEX","AirTran Airways Corporation","9"
"SJU","Spirit Air Lines","9"
"PIT","America West Airlines Inc.","9"
"TUS","US Airways Inc.","9"
"HLN","Comair Inc.","9"
"CID","American Airlines Inc.","9"
"SWF","Independence Air","9"
"PIB","ExpressJet Airlines Inc.","9"
"HOU","Comair Inc.","9"
"COS","Comair Inc.","9"
"JFK","ExpressJet Airlines Inc. (1)","9"
"RAP","Mesa Airlines Inc.","9"
"CHS","AirTran Airways Corporation","8"
"MYR","AirTran Airways Corporation","8"
"CHA","Comair Inc.","8"
"BKG","ExpressJet Airlines Inc. (1)","8"
"MBS","Mesa Airlines Inc.","8"
"SPI","Mesa Airlines Inc.","8"
"ILM","Envoy Air","8"
"AVP","Envoy Air","8"
"BMI","SkyWest Airlines Inc.","8"
"GRB","Mesa Airlines Inc.","8"
"ILM","American Airlines Inc.","8"
"DAB","Mesa Airlines Inc.","8"
"JAX","SkyWest Airlines Inc.","8"
"CYS","Envoy Air","8"
"HOU","Continental Air Lines Inc.","8"
"PSP","ExpressJet Airlines Inc. (1)","8"
"TXK","SkyWest Airlines Inc.","8"
"LNK","Endeavor Air Inc.","8"
"RAP","Endeavor Air Inc.","8"
"FSD","Comair Inc.","8"
"FAI","Northwest Airlines Inc.","8"
"PSP","Virgin America","8"
"BMI","Frontier Airlines Inc.","8"
"EWR","SkyWest Airlines Inc.","8"
"HTS","US Airways Inc.","8"
"BIL","Comair Inc.","8"
"TPA","Alaska Airlines Inc.","8"
"MQT","Endeavor Air Inc.","8"
"ATW","Independence Air","8"
"SGF","Comair Inc.","8"
"GUC","ExpressJet Airlines Inc.","8"
"ISP","ExpressJet Airlines Inc.","7"
"PNS","SkyWest Airlines Inc.","7"
"BMI","Delta Air Lines Inc.","7"
"GUC","Delta Air Lines Inc.","7"
"HLN","Northwest Airlines Inc.","7"
"MFE","Trans World Airways LLC","7"
"CAK","Mesa Airlines Inc.","7"
"BIS","Envoy Air","7"
"LNK","Envoy Air","7"
"AZO","SkyWest Airlines Inc.","7"
"MSN","Mesa Airlines Inc.","7"
"MLI","ExpressJet Airlines Inc. (1)","7"
"MSY","Mesa Airlines Inc.","7"
"EVV","US Airways Inc.","7"
"MVY","JetBlue Airways","7"
"MTJ","Envoy Air","7"
"SPS","ExpressJet Airlines Inc.","7"
"COS","Frontier Airlines Inc.","7"
"ATL","JetBlue Airways","7"
"BPT","SkyWest Airlines Inc.","7"
"SRQ","ExpressJet Airlines Inc. (1)","7"
"GJT","ExpressJet Airlines Inc. (1)","7"
"XNA","Northwest Airlines Inc.","7"
"COU","Endeavor Air Inc.","7"
"MHT","Envoy Air","7"
"APF","Envoy Air","7"
"TEX","Mesa Airlines Inc.","7"
"ELP","US Airways Inc.","7"
"VEL","SkyWest Airlines Inc.","7"
"ABQ","Alaska Airlines Inc.","7"
"RDU","Alaska Airlines Inc.","7"
"HDN","Trans World Airways LLC","7"
"BGM","SkyWest Airlines Inc.","7"
"CID","Comair Inc.","7"
"TRI","Comair Inc.","7"
"PLN","Endeavor Air Inc.","7"
"CHO","Endeavor Air Inc.","7"
"RSW","America West Airlines Inc.","7"
"AMA","SkyWest Airlines Inc.","7"
"BOI","Frontier Airlines Inc.","7"
"MOT","ExpressJet Airlines Inc.","7"
"GCC","Mesa Airlines Inc.","7"
"PUB","SkyWest Airlines Inc.","7"
"SDF","AirTran Airways Corporation","6"
"MLB","Comair Inc.","6"
"AUS","Envoy Air","6"
"CHS","United Air Lines Inc.","6"
"MTJ","United Air Lines Inc.","6"
"MIA","SkyWest Airlines Inc.","6"
"STC","SkyWest Airlines Inc.","6"
"SRQ","Envoy Air","6"
"GRR","Mesa Airlines Inc.","6"
"PBI","Spirit Air Lines","6"
"LIT","US Airways Inc.","6"
"PWM","American Airlines Inc.","6"
"PNS","American Airlines Inc.","6"
"SPI","ExpressJet Airlines Inc.","6"
"BRO","SkyWest Airlines Inc.","6"
"ILE","ExpressJet Airlines Inc. (1)","6"
"VCT","ExpressJet Airlines Inc. (1)","6"
"GUM","Continental Air Lines Inc.","6"
"BGR","ExpressJet Airlines Inc. (1)","6"
"LAS","Aloha Airlines Inc.","6"
"TYS","AirTran Airways Corporation","6"
"GSO","Frontier Airlines Inc.","6"
"PBI","Comair Inc.","6"
"DSM","AirTran Airways Corporation","6"
"BOI","American Airlines Inc.","6"
"SLC","Mesa Airlines Inc.","6"
"LAN","US Airways Inc.","6"
"LGB","Delta Air Lines Inc.","6"
"MSY","Alaska Airlines Inc.","6"
"MWH","SkyWest Airlines Inc.","6"
"TPA","ExpressJet Airlines Inc. (1)","6"
"MLI","Comair Inc.","6"
"TVC","Delta Air Lines Inc.","6"
"ACY","Comair Inc.","6"
"AVL","Comair Inc.","6"
"SCE","Comair Inc.","6"
"LBB","SkyWest Airlines Inc.","6"
"PHF","Frontier Airlines Inc.","6"
"GRR","Frontier Airlines Inc.","6"
"COD","Mesa Airlines Inc.","6"
"AGS","Comair Inc.","5"
"JAN","SkyWest Airlines Inc.","5"
"RSW","ExpressJet Airlines Inc.","5"
"ORF","AirTran Airways Corporation","5"
"MLU","Endeavor Air Inc.","5"
"TLH","AirTran Airways Corporation","5"
"EVV","Delta Air Lines Inc.","5"
"CHO","Comair Inc.","5"
"COU","ExpressJet Airlines Inc.","5"
"AUS","Independence Air","5"
"ACY","ExpressJet Airlines Inc.","5"
"BUF","SkyWest Airlines Inc.","5"
"TVC","Independence Air","5"
"FWA","Mesa Airlines Inc.","5"
"FAY","Mesa Airlines Inc.","5"
"JLN","ExpressJet Airlines Inc.","5"
"SEA","Spirit Air Lines","5"
"KOA","Trans World Airways LLC","5"
"GRK","SkyWest Airlines Inc.","5"
"RSW","SkyWest Airlines Inc.","5"
"HRL","SkyWest Airlines Inc.","5"
"GUC","United Air Lines Inc.","5"
"CRP","SkyWest Airlines Inc.","5"
"PWM","Trans World Airways LLC","5"
"JAC","Northwest Airlines Inc.","5"
"MOT","Delta Air Lines Inc.","5"
"ALO","Northwest Airlines Inc.","5"
"ALO","Endeavor Air Inc.","5"
"ONT","JetBlue Airways","5"
"MIA","Comair Inc.","5"
"PBG","Spirit Air Lines","5"
"SBA","Comair Inc.","5"
"OGG","Northwest Airlines Inc.","5"
"OGG","Trans World Airways LLC","5"
"PIA","Trans World Airways LLC","5"
"ELP","Trans World Airways LLC","5"
"MEM","Frontier Airlines Inc.","5"
"STT","Spirit Air Lines","5"
"CHS","Northwest Airlines Inc.","5"
"ITH","SkyWest Airlines Inc.","5"
"MYR","Northwest Airlines Inc.","5"
"CIU","Endeavor Air Inc.","5"
"ESC","Endeavor Air Inc.","5"
"GRB","Independence Air","5"
"ERI","Independence Air","5"
"CID","Frontier Airlines Inc.","5"
"BZN","Frontier Airlines Inc.","5"
"BIS","Frontier Airlines Inc.","5"
"SBA","Frontier Airlines Inc.","5"
"AUS","AirTran Airways Corporation","4"
"SGF","Delta Air Lines Inc.","4"
"SAV","AirTran Airways Corporation","4"
"CHO","Delta Air Lines Inc.","4"
"DAB","Comair Inc.","4"
"TYS","Mesa Airlines Inc.","4"
"UST","Frontier Airlines Inc.","4"
"BMI","Independence Air","4"
"GRR","American Airlines Inc.","4"
"ADK","Alaska Airlines Inc.","4"
"FAI","United Air Lines Inc.","4"
"LWB","US Airways Inc.","4"
"MOB","US Airways Inc.","4"
"GGG","ExpressJet Airlines Inc.","4"
"SAV","American Airlines Inc.","4"
"SNA","Aloha Airlines Inc.","4"
"BFL","ExpressJet Airlines Inc. (1)","4"
"GRK","ExpressJet Airlines Inc. (1)","4"
"PSP","Continental Air Lines Inc.","4"
"GST","Alaska Airlines Inc.","4"
"LFT","Endeavor Air Inc.","4"
"DEN","Endeavor Air Inc.","4"
"ALB","JetBlue Airways","4"
"AVL","AirTran Airways Corporation","4"
"RSW","Comair Inc.","4"
"IAG","Spirit Air Lines","4"
"PSP","America West Airlines Inc.","4"
"CNY","SkyWest Airlines Inc.","4"
"BQN","Spirit Air Lines","4"
"CRW","Endeavor Air Inc.","4"
"LAN","Comair Inc.","4"
"MQT","SkyWest Airlines Inc.","4"
"TOL","Endeavor Air Inc.","4"
"HVN","Comair Inc.","4"
"FNT","Independence Air","4"
"TYS","Frontier Airlines Inc.","4"
"PSP","Frontier Airlines Inc.","4"
"MOT","Frontier Airlines Inc.","4"
"RKS","Mesa Airlines Inc.","4"
"FAT","Frontier Airlines Inc.","4"
"DRO","Frontier Airlines Inc.","4"
"LFT","Delta Air Lines Inc.","3"
"HOU","SkyWest Airlines Inc.","3"
"PHF","Endeavor Air Inc.","3"
"ALB","SkyWest Airlines Inc.","3"
"MKE","Mesa Airlines Inc.","3"
"SAV","United Air Lines Inc.","3"
"COS","Independence Air","3"
"CAE","United Air Lines Inc.","3"
"OAJ","Mesa Airlines Inc.","3"
"OAJ","US Airways Inc.","3"
"BNA","JetBlue Airways","3"
"AVL","Envoy Air","3"
"MYR","Envoy Air","3"
"MGM","SkyWest Airlines Inc.","3"
"DAB","SkyWest Airlines Inc.","3"
"HNL","Virgin America","3"
"LFT","SkyWest Airlines Inc.","3"
"SJT","ExpressJet Airlines Inc. (1)","3"
"SHV","SkyWest Airlines Inc.","3"
"TLH","ExpressJet Airlines Inc. (1)","3"
"DRT","ExpressJet Airlines Inc.","3"
"SJU","Envoy Air","3"
"PPG","Hawaiian Airlines Inc.","3"
"AMA","Endeavor Air Inc.","3"
"AEX","Endeavor Air Inc.","3"
"ECP","Endeavor Air Inc.","3"
"HLN","Endeavor Air Inc.","3"
"MIB","Northwest Airlines Inc.","3"
"CMX","Endeavor Air Inc.","3"
"MYR","ExpressJet Airlines Inc. (1)","3"
"CRW","AirTran Airways Corporation","3"
"PIA","United Air Lines Inc.","3"
"MLI","United Air Lines Inc.","3"
"GEG","American Airlines Inc.","3"
"DSM","America West Airlines Inc.","3"
"FNT","US Airways Inc.","3"
"OGG","Virgin America","3"
"DEN","Virgin America","3"
"MSY","Independence Air","3"
"PBI","Frontier Airlines Inc.","3"
"MDT","Trans World Airways LLC","3"
"AUS","Comair Inc.","3"
"MSO","Frontier Airlines Inc.","3"
"FAR","Frontier Airlines Inc.","3"
"BTV","Delta Air Lines Inc.","2"
"TRI","SkyWest Airlines Inc.","2"
"MTJ","Delta Air Lines Inc.","2"
"SRQ","Endeavor Air Inc.","2"
"HDN","Envoy Air","2"
"RIC","SkyWest Airlines Inc.","2"
"SBN","ExpressJet Airlines Inc. (1)","2"
"SBN","Envoy Air","2"
"SCE","SkyWest Airlines Inc.","2"
"PVD","SkyWest Airlines Inc.","2"
"DSM","Independence Air","2"
"KSM","Alaska Airlines Inc.","2"
"BWI","Mesa Airlines Inc.","2"
"ABI","ExpressJet Airlines Inc.","2"
"MOB","SkyWest Airlines Inc.","2"
"PFN","SkyWest Airlines Inc.","2"
"GUC","Envoy Air","2"
"ITO","Continental Air Lines Inc.","2"
"BTR","SkyWest Airlines Inc.","2"
"BOI","ExpressJet Airlines Inc. (1)","2"
"JAC","Continental Air Lines Inc.","2"
"KOA","Northwest Airlines Inc.","2"
"RSW","Endeavor Air Inc.","2"
"LNY","Hawaiian Airlines Inc.","2"
"SGF","Northwest Airlines Inc.","2"
"BIL","Endeavor Air Inc.","2"
"GEG","Comair Inc.","2"
"GFK","Delta Air Lines Inc.","2"
"DLH","Delta Air Lines Inc.","2"
"LWB","Endeavor Air Inc.","2"
"ACK","Comair Inc.","2"
"ACK","ExpressJet Airlines Inc. (1)","2"
"SHD","Frontier Airlines Inc.","2"
"ROW","SkyWest Airlines Inc.","2"
"FAT","US Airways Inc.","2"
"AZO","US Airways Inc.","2"
"MCO","Endeavor Air Inc.","2"
"TPA","Endeavor Air Inc.","2"
"PSC","Endeavor Air Inc.","2"
"PHX","Comair Inc.","2"
"SEA","Comair Inc.","2"
"CHS","Alaska Airlines Inc.","2"
"KTN","SkyWest Airlines Inc.","2"
"JFK","Alaska Airlines Inc.","2"
"BNA","Alaska Airlines Inc.","2"
"MAZ","Envoy Air","2"
"STT","Envoy Air","2"
"BTV","Northwest Airlines Inc.","2"
"TRI","Endeavor Air Inc.","2"
"LEX","Northwest Airlines Inc.","2"
"AZO","Comair Inc.","2"
"EVV","SkyWest Airlines Inc.","2"
"ERI","Comair Inc.","2"
"JAC","Frontier Airlines Inc.","2"
"AZA","Frontier Airlines Inc.","2"
"SBN","Frontier Airlines Inc.","2"
"SGF","United Air Lines Inc.","2"
"FAI","Frontier Airlines Inc.","2"
"EUG","Frontier Airlines Inc.","2"
"RFD","Frontier Airlines Inc.","2"
"MOB","Comair Inc.","1"
"DHN","Comair Inc.","1"
"UTM","AirTran Airways Corporation","1"
"CWA","Mesa Airlines Inc.","1"
"CWA","ExpressJet Airlines Inc. (1)","1"
"ANI","Alaska Airlines Inc.","1"
"AGS","US Airways Inc.","1"
"HOU","ExpressJet Airlines Inc. (1)","1"
"MFE","Envoy Air","1"
"MKK","Hawaiian Airlines Inc.","1"
"ABI","ExpressJet Airlines Inc. (1)","1"
"HOB","ExpressJet Airlines Inc. (1)","1"
"MCO","SkyWest Airlines Inc.","1"
"TXK","ExpressJet Airlines Inc. (1)","1"
"VPS","SkyWest Airlines Inc.","1"
"PBI","SkyWest Airlines Inc.","1"
"GUC","Continental Air Lines Inc.","1"
"ONT","Hawaiian Airlines Inc.","1"
"GTR","Endeavor Air Inc.","1"
"IDA","Endeavor Air Inc.","1"
"MOT","Endeavor Air Inc.","1"
"RST","Comair Inc.","1"
"SUX","Endeavor Air Inc.","1"
"SUX","SkyWest Airlines Inc.","1"
"SUX","Delta Air Lines Inc.","1"
"TVC","Comair Inc.","1"
"HRL","Delta Air Lines Inc.","1"
"ACK","American Airlines Inc.","1"
"PSP","JetBlue Airways","1"
"RNO","JetBlue Airways","1"
"DAB","JetBlue Airways","1"
"BTV","Continental Air Lines Inc.","1"
"SAV","Continental Air Lines Inc.","1"
"CRW","Spirit Air Lines","1"
"EGE","US Airways Inc.","1"
"SAN","AirTran Airways Corporation","1"
"SMF","Mesa Airlines Inc.","1"
"GEG","Endeavor Air Inc.","1"
"SIT","SkyWest Airlines Inc.","1"
"PSP","Trans World Airways LLC","1"
"GRR","Trans World Airways LLC","1"
"CMH","Frontier Airlines Inc.","1"
"ABE","Trans World Airways LLC","1"
"CMI","Endeavor Air Inc.","1"
"MYR","Endeavor Air Inc.","1"
"MBS","ExpressJet Airlines Inc.","1"
"ROC","SkyWest Airlines Inc.","1"
"HSV","Independence Air","1"
"PFN","Comair Inc.","1"
"VPS","Comair Inc.","1"
"FLL","Endeavor Air Inc.","1"
"PIT","Frontier Airlines Inc.","1"
"TPA","SkyWest Airlines Inc.","1"
"PBI","America West Airlines Inc.","1"
"BIL","ExpressJet Airlines Inc. (1)","1"
"LGB","Frontier Airlines Inc.","1"
"JAC","Mesa Airlines Inc.","1"
"IDA","Frontier Airlines Inc.","1"
"HDN","Mesa Airlines Inc.","1"
"HDN","ExpressJet Airlines Inc.","1"
"RAP","United Air Lines Inc.","1"
"SUX","Frontier Airlines Inc.","1"
