"OriginAirport","Airline","FlightNumber","FlightDistance","ScheduledDepartTime","ScheduledArrivalTime","DestinationAirport"
"Albuquerque International Sunport","Delta Air Lines Inc.","2098","1269","1998-09-25T07:17Z","1998-09-25T12:16Z","Hartsfield-Jackson Atlanta International"
"Albuquerque International Sunport","Delta Air Lines Inc.","1452","1269","2010-05-05T08:26Z","2010-05-05T13:09Z","Hartsfield-Jackson Atlanta International"
"Albuquerque International Sunport","Delta Air Lines Inc.","1398","1269","2013-09-05T07:59Z","2013-09-05T13:04Z","Hartsfield-Jackson Atlanta International"
"Albuquerque International Sunport","Delta Air Lines Inc.","2098","1269","2001-05-09T06:55Z","2001-05-09T11:56Z","Hartsfield-Jackson Atlanta International"
"Albuquerque International Sunport","Delta Air Lines Inc.","1577","1269","2015-05-24T06:20Z","2015-05-24T11:13Z","Hartsfield-Jackson Atlanta International"
"Albuquerque International Sunport","Delta Air Lines Inc.","1022","1269","2012-05-15T13:11Z","2012-05-15T18:09Z","Hartsfield-Jackson Atlanta International"
"Albuquerque International Sunport","Delta Air Lines Inc.","1100","1269","1995-01-28T07:40Z","1995-01-28T12:21Z","Hartsfield-Jackson Atlanta International"
"Albuquerque International Sunport","Delta Air Lines Inc.","602","1269","2001-09-04T11:25Z","2001-09-04T16:35Z","Hartsfield-Jackson Atlanta International"
"Albuquerque International Sunport","Delta Air Lines Inc.","2098","1269","1997-01-20T07:36Z","1997-01-20T12:39Z","Hartsfield-Jackson Atlanta International"
"Albuquerque International Sunport","Delta Air Lines Inc.","1022","1269","2012-09-12T13:02Z","2012-09-12T18:00Z","Hartsfield-Jackson Atlanta International"
"Albuquerque International Sunport","Delta Air Lines Inc.","2022","1269","1996-01-17T00:47Z","1996-01-17T05:27Z","Hartsfield-Jackson Atlanta International"
"Albuquerque International Sunport","Delta Air Lines Inc.","487","1269","2001-01-01T11:52Z","2001-01-01T16:50Z","Hartsfield-Jackson Atlanta International"
"Albuquerque International Sunport","Delta Air Lines Inc.","2098","1269","2000-09-01T07:58Z","2000-09-01T12:55Z","Hartsfield-Jackson Atlanta International"
"Albuquerque International Sunport","Delta Air Lines Inc.","2022","1269","1999-09-04T00:45Z","1999-09-04T05:37Z","Hartsfield-Jackson Atlanta International"
"Albuquerque International Sunport","Delta Air Lines Inc.","2022","1269","1999-05-30T00:55Z","1999-05-30T05:33Z","Hartsfield-Jackson Atlanta International"
"Albuquerque International Sunport","Delta Air Lines Inc.","944","1269","2000-05-31T11:27Z","2000-05-31T16:40Z","Hartsfield-Jackson Atlanta International"
"Albuquerque International Sunport","Delta Air Lines Inc.","2022","1269","1996-09-04T00:23Z","1996-09-04T05:23Z","Hartsfield-Jackson Atlanta International"
"Albuquerque International Sunport","Delta Air Lines Inc.","934","1269","2004-05-17T06:53Z","2004-05-17T11:52Z","Hartsfield-Jackson Atlanta International"
"Albuquerque International Sunport","Delta Air Lines Inc.","2098","1269","2001-01-08T07:38Z","2001-01-08T12:43Z","Hartsfield-Jackson Atlanta International"
"Albuquerque International Sunport","Delta Air Lines Inc.","2022","1269","1998-05-05T00:51Z","1998-05-05T05:21Z","Hartsfield-Jackson Atlanta International"
"Albuquerque International Sunport","Delta Air Lines Inc.","1100","1269","1995-01-03T07:34Z","1995-01-03T12:04Z","Hartsfield-Jackson Atlanta International"
"Albuquerque International Sunport","Delta Air Lines Inc.","2098","1269","1999-09-25T07:27Z","1999-09-25T12:26Z","Hartsfield-Jackson Atlanta International"
"Albuquerque International Sunport","Delta Air Lines Inc.","602","1269","2001-05-03T11:50Z","2001-05-03T17:20Z","Hartsfield-Jackson Atlanta International"
"Albuquerque International Sunport","Delta Air Lines Inc.","944","1269","1998-09-09T11:39Z","1998-09-09T16:46Z","Hartsfield-Jackson Atlanta International"
"Albuquerque International Sunport","Delta Air Lines Inc.","934","1269","2003-05-02T06:49Z","2003-05-02T11:31Z","Hartsfield-Jackson Atlanta International"
"Albuquerque International Sunport","Delta Air Lines Inc.","1452","1269","2016-01-14T07:08Z","2016-01-14T12:18Z","Hartsfield-Jackson Atlanta International"
"Albuquerque International Sunport","Delta Air Lines Inc.","1635","1269","2010-01-09T06:03Z","2010-01-09T11:01Z","Hartsfield-Jackson Atlanta International"
"Albuquerque International Sunport","Delta Air Lines Inc.","1784","1269","2016-05-15T13:26Z","2016-05-15T18:14Z","Hartsfield-Jackson Atlanta International"
"Albuquerque International Sunport","Delta Air Lines Inc.","1577","1269","2016-05-01T06:11Z","2016-05-01T10:49Z","Hartsfield-Jackson Atlanta International"
"Albuquerque International Sunport","Delta Air Lines Inc.","1022","1269","2013-01-23T13:27Z","2013-01-23T18:22Z","Hartsfield-Jackson Atlanta International"
"Albuquerque International Sunport","Delta Air Lines Inc.","2022","1269","1997-01-26T00:49Z","1997-01-26T05:17Z","Hartsfield-Jackson Atlanta International"
"Albuquerque International Sunport","Delta Air Lines Inc.","1022","1269","2013-01-28T13:27Z","2013-01-28T18:18Z","Hartsfield-Jackson Atlanta International"
"Albuquerque International Sunport","Delta Air Lines Inc.","944","1269","1998-05-11T13:44Z","1998-05-11T18:37Z","Hartsfield-Jackson Atlanta International"
"Albuquerque International Sunport","Delta Air Lines Inc.","1532","1269","2011-09-06T09:27Z","2011-09-06T14:23Z","Hartsfield-Jackson Atlanta International"
"Albuquerque International Sunport","Delta Air Lines Inc.","1100","1269","1995-09-07T07:35Z","1995-09-07T12:23Z","Hartsfield-Jackson Atlanta International"
"Albuquerque International Sunport","Delta Air Lines Inc.","1398","1269","2013-09-22T07:53Z","2013-09-22T12:44Z","Hartsfield-Jackson Atlanta International"
"Albuquerque International Sunport","Delta Air Lines Inc.","2098","1269","1999-01-14T07:25Z","1999-01-14T12:20Z","Hartsfield-Jackson Atlanta International"
"Albuquerque International Sunport","Delta Air Lines Inc.","2022","1269","1998-09-30T00:35Z","1998-09-30T05:18Z","Hartsfield-Jackson Atlanta International"
"Albuquerque International Sunport","Delta Air Lines Inc.","2022","1269","1997-01-01T00:54Z","1997-01-01T05:38Z","Hartsfield-Jackson Atlanta International"
"Albuquerque International Sunport","Delta Air Lines Inc.","1833","1269","2009-09-16T13:15Z","2009-09-16T18:48Z","Hartsfield-Jackson Atlanta International"
"Albuquerque International Sunport","Delta Air Lines Inc.","1577","1269","2016-05-03T06:19Z","2016-05-03T11:13Z","Hartsfield-Jackson Atlanta International"
"Albuquerque International Sunport","Delta Air Lines Inc.","2098","1269","1997-09-08T07:28Z","1997-09-08T12:13Z","Hartsfield-Jackson Atlanta International"
"Albuquerque International Sunport","Delta Air Lines Inc.","1976","1269","2009-05-09T13:11Z","2009-05-09T17:56Z","Hartsfield-Jackson Atlanta International"
"Albuquerque International Sunport","Delta Air Lines Inc.","1452","1269","2013-05-16T06:29Z","2013-05-16T11:17Z","Hartsfield-Jackson Atlanta International"
"Albuquerque International Sunport","Delta Air Lines Inc.","2098","1269","1998-05-26T07:20Z","1998-05-26T12:19Z","Hartsfield-Jackson Atlanta International"
"Albuquerque International Sunport","Delta Air Lines Inc.","1452","1269","2010-05-30T08:24Z","2010-05-30T13:22Z","Hartsfield-Jackson Atlanta International"
"Albuquerque International Sunport","Delta Air Lines Inc.","2098","1269","2000-05-25T07:32Z","2000-05-25T12:29Z","Hartsfield-Jackson Atlanta International"
"Albuquerque International Sunport","Delta Air Lines Inc.","2085","1269","2011-05-11T06:36Z","2011-05-11T11:33Z","Hartsfield-Jackson Atlanta International"
"Albuquerque International Sunport","Delta Air Lines Inc.","487","1269","2001-01-26T11:24Z","2001-01-26T16:30Z","Hartsfield-Jackson Atlanta International"
"Albuquerque International Sunport","Delta Air Lines Inc.","1784","1269","2016-05-03T13:26Z","2016-05-03T18:08Z","Hartsfield-Jackson Atlanta International"
"Albuquerque International Sunport","Delta Air Lines Inc.","1100","1269","1995-05-23T07:35Z","1995-05-23T12:23Z","Hartsfield-Jackson Atlanta International"
"Albuquerque International Sunport","Delta Air Lines Inc.","2098","1269","2001-09-07T06:50Z","2001-09-07T11:31Z","Hartsfield-Jackson Atlanta International"
"Albuquerque International Sunport","Delta Air Lines Inc.","2269","1269","2010-05-31T06:05Z","2010-05-31T11:11Z","Hartsfield-Jackson Atlanta International"
"Albuquerque International Sunport","Delta Air Lines Inc.","2098","1269","1999-05-24T07:30Z","1999-05-24T12:22Z","Hartsfield-Jackson Atlanta International"
"Albuquerque International Sunport","Delta Air Lines Inc.","1962","1269","2009-09-29T06:15Z","2009-09-29T12:15Z","Hartsfield-Jackson Atlanta International"
"Albuquerque International Sunport","Delta Air Lines Inc.","2098","1269","1997-05-09T07:30Z","1997-05-09T12:21Z","Hartsfield-Jackson Atlanta International"
"Albuquerque International Sunport","Delta Air Lines Inc.","934","1269","2004-05-15T06:47Z","2004-05-15T11:34Z","Hartsfield-Jackson Atlanta International"
"Albuquerque International Sunport","Delta Air Lines Inc.","2098","1269","2003-01-14T06:48Z","2003-01-14T11:41Z","Hartsfield-Jackson Atlanta International"
"Albuquerque International Sunport","Delta Air Lines Inc.","1976","1269","2009-05-16T13:12Z","2009-05-16T18:24Z","Hartsfield-Jackson Atlanta International"
"Albuquerque International Sunport","Delta Air Lines Inc.","944","1269","1998-01-12T11:49Z","1998-01-12T16:28Z","Hartsfield-Jackson Atlanta International"
"Albuquerque International Sunport","Delta Air Lines Inc.","2327","1269","2010-05-11T13:01Z","2010-05-11T17:57Z","Hartsfield-Jackson Atlanta International"
"Albuquerque International Sunport","Delta Air Lines Inc.","2022","1269","1997-09-13T00:47Z","1997-09-13T05:29Z","Hartsfield-Jackson Atlanta International"
"Albuquerque International Sunport","Delta Air Lines Inc.","1157","1269","2004-09-18T07:58Z","2004-09-18T12:41Z","Hartsfield-Jackson Atlanta International"
"Albuquerque International Sunport","Delta Air Lines Inc.","602","1269","2003-05-22T11:19Z","2003-05-22T16:50Z","Hartsfield-Jackson Atlanta International"
"Albuquerque International Sunport","Delta Air Lines Inc.","2292","1269","2000-01-20T00:30Z","2000-01-20T05:03Z","Hartsfield-Jackson Atlanta International"
"Albuquerque International Sunport","Delta Air Lines Inc.","1424","1269","2011-09-19T08:45Z","2011-09-19T13:42Z","Hartsfield-Jackson Atlanta International"
"Albuquerque International Sunport","Delta Air Lines Inc.","944","1269","1997-09-18T11:48Z","1997-09-18T16:39Z","Hartsfield-Jackson Atlanta International"
"Albuquerque International Sunport","Delta Air Lines Inc.","934","1269","2003-05-27T07:00Z","2003-05-27T11:53Z","Hartsfield-Jackson Atlanta International"
"Albuquerque International Sunport","Delta Air Lines Inc.","1398","1269","2013-09-16T07:54Z","2013-09-16T12:46Z","Hartsfield-Jackson Atlanta International"
"Albuquerque International Sunport","Delta Air Lines Inc.","2098","1269","1996-09-24T07:32Z","1996-09-24T12:34Z","Hartsfield-Jackson Atlanta International"
"Albuquerque International Sunport","Delta Air Lines Inc.","1452","1269","2012-01-01T08:50Z","2012-01-01T13:43Z","Hartsfield-Jackson Atlanta International"
"Albuquerque International Sunport","Delta Air Lines Inc.","1784","1269","2014-09-11T13:05Z","2014-09-11T17:55Z","Hartsfield-Jackson Atlanta International"
"Albuquerque International Sunport","Delta Air Lines Inc.","1147","1269","2011-05-25T07:59Z","2011-05-25T12:47Z","Hartsfield-Jackson Atlanta International"
"Albuquerque International Sunport","Delta Air Lines Inc.","2098","1269","2002-05-02T07:13Z","2002-05-02T11:52Z","Hartsfield-Jackson Atlanta International"
"Albuquerque International Sunport","Delta Air Lines Inc.","1784","1269","2015-09-08T13:03Z","2015-09-08T17:52Z","Hartsfield-Jackson Atlanta International"
"Albuquerque International Sunport","Delta Air Lines Inc.","1522","1269","1998-01-06T00:37Z","1998-01-06T05:29Z","Hartsfield-Jackson Atlanta International"
"Albuquerque International Sunport","Delta Air Lines Inc.","602","1269","2003-01-21T11:50Z","2003-01-21T16:34Z","Hartsfield-Jackson Atlanta International"
"Albuquerque International Sunport","Delta Air Lines Inc.","1022","1269","2012-01-12T13:46Z","2012-01-12T18:39Z","Hartsfield-Jackson Atlanta International"
"Albuquerque International Sunport","Delta Air Lines Inc.","1157","1269","2004-09-04T07:56Z","2004-09-04T12:45Z","Hartsfield-Jackson Atlanta International"
"Albuquerque International Sunport","Delta Air Lines Inc.","602","1269","2003-09-22T11:19Z","2003-09-22T16:14Z","Hartsfield-Jackson Atlanta International"
"Albuquerque International Sunport","Delta Air Lines Inc.","602","1269","2001-05-28T11:30Z","2001-05-28T16:43Z","Hartsfield-Jackson Atlanta International"
"Albuquerque International Sunport","Delta Air Lines Inc.","2022","1269","1998-09-04T00:41Z","1998-09-04T05:35Z","Hartsfield-Jackson Atlanta International"
"Albuquerque International Sunport","Delta Air Lines Inc.","2022","1269","1999-01-20T00:44Z","1999-01-20T05:23Z","Hartsfield-Jackson Atlanta International"
"Albuquerque International Sunport","Delta Air Lines Inc.","2352","1269","2014-05-26T13:19Z","2014-05-26T18:19Z","Hartsfield-Jackson Atlanta International"
"Albuquerque International Sunport","Delta Air Lines Inc.","1962","1269","2009-05-25T06:24Z","2009-05-25T11:31Z","Hartsfield-Jackson Atlanta International"
"Albuquerque International Sunport","Delta Air Lines Inc.","602","1269","2002-01-22T11:35Z","2002-01-22T16:10Z","Hartsfield-Jackson Atlanta International"
"Albuquerque International Sunport","Delta Air Lines Inc.","1478","1269","2012-09-07T10:24Z","2012-09-07T15:24Z","Hartsfield-Jackson Atlanta International"
"Albuquerque International Sunport","Delta Air Lines Inc.","944","1269","1999-01-26T11:42Z","1999-01-26T16:33Z","Hartsfield-Jackson Atlanta International"
"Albuquerque International Sunport","Delta Air Lines Inc.","602","1269","2002-09-19T12:44Z","2002-09-19T17:40Z","Hartsfield-Jackson Atlanta International"
"Albuquerque International Sunport","Delta Air Lines Inc.","562","1269","2003-09-13T08:02Z","2003-09-13T13:07Z","Hartsfield-Jackson Atlanta International"
"Albuquerque International Sunport","Delta Air Lines Inc.","562","1269","2003-09-09T08:03Z","2003-09-09T12:51Z","Hartsfield-Jackson Atlanta International"
"Albuquerque International Sunport","Delta Air Lines Inc.","1100","1269","1996-05-23T07:29Z","1996-05-23T12:16Z","Hartsfield-Jackson Atlanta International"
"Albuquerque International Sunport","Delta Air Lines Inc.","1452","1269","2014-01-29T06:13Z","2014-01-29T11:06Z","Hartsfield-Jackson Atlanta International"
"Albuquerque International Sunport","Delta Air Lines Inc.","1022","1269","2011-09-16T13:08Z","2011-09-16T18:01Z","Hartsfield-Jackson Atlanta International"
"Albuquerque International Sunport","Delta Air Lines Inc.","2098","1269","2002-09-29T06:40Z","2002-09-29T11:27Z","Hartsfield-Jackson Atlanta International"
"Albuquerque International Sunport","Delta Air Lines Inc.","944","1269","2000-05-06T11:29Z","2000-05-06T16:41Z","Hartsfield-Jackson Atlanta International"
"Albuquerque International Sunport","Delta Air Lines Inc.","2292","1269","2001-01-22T00:18Z","2001-01-22T04:56Z","Hartsfield-Jackson Atlanta International"
"Albuquerque International Sunport","Delta Air Lines Inc.","2022","1269","1999-09-29T00:45Z","1999-09-29T05:26Z","Hartsfield-Jackson Atlanta International"
"Albuquerque International Sunport","Delta Air Lines Inc.","1896","1269","2000-09-06T11:29Z","2000-09-06T16:57Z","Hartsfield-Jackson Atlanta International"
"Albuquerque International Sunport","Delta Air Lines Inc.","2022","1269","1997-05-15T00:53Z","1997-05-15T05:43Z","Hartsfield-Jackson Atlanta International"
"Albuquerque International Sunport","Delta Air Lines Inc.","934","1269","2004-09-12T06:32Z","2004-09-12T11:16Z","Hartsfield-Jackson Atlanta International"
"Albuquerque International Sunport","Delta Air Lines Inc.","1962","1269","2009-09-26T06:17Z","2009-09-26T11:10Z","Hartsfield-Jackson Atlanta International"
"Albuquerque International Sunport","Delta Air Lines Inc.","2022","1269","1996-09-29T00:53Z","1996-09-29T05:44Z","Hartsfield-Jackson Atlanta International"
"Albuquerque International Sunport","Delta Air Lines Inc.","2022","1269","1996-05-17T00:49Z","1996-05-17T05:41Z","Hartsfield-Jackson Atlanta International"
"Albuquerque International Sunport","Delta Air Lines Inc.","1452","1269","2010-09-19T08:13Z","2010-09-19T13:15Z","Hartsfield-Jackson Atlanta International"
"Albuquerque International Sunport","Delta Air Lines Inc.","1522","1269","1998-01-31T00:25Z","1998-01-31T04:56Z","Hartsfield-Jackson Atlanta International"
"Albuquerque International Sunport","Delta Air Lines Inc.","1022","1269","2012-01-08T13:31Z","2012-01-08T18:29Z","Hartsfield-Jackson Atlanta International"
"Albuquerque International Sunport","Delta Air Lines Inc.","944","1269","2000-01-31T11:31Z","2000-01-31T16:44Z","Hartsfield-Jackson Atlanta International"
"Albuquerque International Sunport","Delta Air Lines Inc.","2098","1269","1998-05-01T07:20Z","1998-05-01T12:18Z","Hartsfield-Jackson Atlanta International"
"Albuquerque International Sunport","Delta Air Lines Inc.","2352","1269","2014-05-10T13:31Z","2014-05-10T18:27Z","Hartsfield-Jackson Atlanta International"
"Albuquerque International Sunport","Delta Air Lines Inc.","944","1269","1999-09-09T11:26Z","1999-09-09T16:28Z","Hartsfield-Jackson Atlanta International"
"Albuquerque International Sunport","Delta Air Lines Inc.","2098","1269","2000-01-25T07:28Z","2000-01-25T12:17Z","Hartsfield-Jackson Atlanta International"
"Albuquerque International Sunport","Delta Air Lines Inc.","527","1269","2013-09-08T13:21Z","2013-09-08T18:31Z","Hartsfield-Jackson Atlanta International"
"Albuquerque International Sunport","Delta Air Lines Inc.","1260","1269","2004-05-28T11:19Z","2004-05-28T16:18Z","Hartsfield-Jackson Atlanta International"
"Albuquerque International Sunport","Delta Air Lines Inc.","2098","1269","2002-09-04T06:44Z","2002-09-04T11:30Z","Hartsfield-Jackson Atlanta International"
"Albuquerque International Sunport","Delta Air Lines Inc.","1784","1269","2015-05-28T13:03Z","2015-05-28T18:14Z","Hartsfield-Jackson Atlanta International"
"Albuquerque International Sunport","Delta Air Lines Inc.","527","1269","2013-09-07T13:16Z","2013-09-07T18:20Z","Hartsfield-Jackson Atlanta International"
"Albuquerque International Sunport","Delta Air Lines Inc.","1298","1269","2009-09-20T08:13Z","2009-09-20T13:10Z","Hartsfield-Jackson Atlanta International"
"Albuquerque International Sunport","Delta Air Lines Inc.","1060","1269","2004-05-06T07:56Z","2004-05-06T12:58Z","Hartsfield-Jackson Atlanta International"
"Albuquerque International Sunport","Delta Air Lines Inc.","2098","1269","2000-09-26T07:32Z","2000-09-26T12:23Z","Hartsfield-Jackson Atlanta International"
"Albuquerque International Sunport","Delta Air Lines Inc.","944","1269","1999-01-01T11:46Z","1999-01-01T16:40Z","Hartsfield-Jackson Atlanta International"
"Albuquerque International Sunport","Delta Air Lines Inc.","1452","1269","2013-01-18T06:23Z","2013-01-18T11:07Z","Hartsfield-Jackson Atlanta International"
"Albuquerque International Sunport","Delta Air Lines Inc.","2292","1269","2000-09-22T00:26Z","2000-09-22T05:07Z","Hartsfield-Jackson Atlanta International"
"Albuquerque International Sunport","Delta Air Lines Inc.","2068","1269","2015-09-29T07:54Z","2015-09-29T12:52Z","Hartsfield-Jackson Atlanta International"
"Albuquerque International Sunport","Delta Air Lines Inc.","2041","1269","2009-05-29T08:38Z","2009-05-29T13:53Z","Hartsfield-Jackson Atlanta International"
"Albuquerque International Sunport","Delta Air Lines Inc.","1577","1269","2016-05-11T06:18Z","2016-05-11T11:10Z","Hartsfield-Jackson Atlanta International"
"Albuquerque International Sunport","Delta Air Lines Inc.","2098","1269","2002-01-18T06:57Z","2002-01-18T11:42Z","Hartsfield-Jackson Atlanta International"
"Albuquerque International Sunport","Delta Air Lines Inc.","1022","1269","2012-09-18T13:01Z","2012-09-18T17:58Z","Hartsfield-Jackson Atlanta International"
"Albuquerque International Sunport","Delta Air Lines Inc.","1452","1269","2014-09-22T06:20Z","2014-09-22T11:12Z","Hartsfield-Jackson Atlanta International"
"Albuquerque International Sunport","Delta Air Lines Inc.","2098","1269","1998-01-25T07:59Z","1998-01-25T12:41Z","Hartsfield-Jackson Atlanta International"
"Albuquerque International Sunport","Delta Air Lines Inc.","602","1269","2002-05-21T11:26Z","2002-05-21T16:27Z","Hartsfield-Jackson Atlanta International"
"Albuquerque International Sunport","Delta Air Lines Inc.","1452","1269","2014-09-11T06:19Z","2014-09-11T11:20Z","Hartsfield-Jackson Atlanta International"
"Albuquerque International Sunport","Delta Air Lines Inc.","1784","1269","2014-09-19T13:07Z","2014-09-19T17:54Z","Hartsfield-Jackson Atlanta International"
"Albuquerque International Sunport","Delta Air Lines Inc.","1100","1269","1996-01-23T07:30Z","1996-01-23T12:06Z","Hartsfield-Jackson Atlanta International"
"Albuquerque International Sunport","Delta Air Lines Inc.","1976","1269","2009-05-30T13:15Z","2009-05-30T18:09Z","Hartsfield-Jackson Atlanta International"
"Albuquerque International Sunport","Delta Air Lines Inc.","1692","1269","2010-01-30T13:12Z","2010-01-30T18:20Z","Hartsfield-Jackson Atlanta International"
"Albuquerque International Sunport","Delta Air Lines Inc.","1398","1269","2014-01-05T07:28Z","2014-01-05T12:08Z","Hartsfield-Jackson Atlanta International"
"Albuquerque International Sunport","Delta Air Lines Inc.","2292","1269","2001-09-01T00:49Z","2001-09-01T05:30Z","Hartsfield-Jackson Atlanta International"
"Albuquerque International Sunport","Delta Air Lines Inc.","1452","1269","2010-05-21T08:27Z","2010-05-21T13:23Z","Hartsfield-Jackson Atlanta International"
"Albuquerque International Sunport","Delta Air Lines Inc.","2327","1269","2010-05-23T13:09Z","2010-05-23T18:07Z","Hartsfield-Jackson Atlanta International"
"Albuquerque International Sunport","Delta Air Lines Inc.","1532","1269","2010-09-01T06:01Z","2010-09-01T10:54Z","Hartsfield-Jackson Atlanta International"
"Albuquerque International Sunport","Delta Air Lines Inc.","1298","1269","2009-09-01T08:14Z","2009-09-01T13:11Z","Hartsfield-Jackson Atlanta International"
"Albuquerque International Sunport","Delta Air Lines Inc.","2098","1269","2002-05-27T07:01Z","2002-05-27T12:01Z","Hartsfield-Jackson Atlanta International"
"Albuquerque International Sunport","Delta Air Lines Inc.","944","1269","1999-05-10T14:06Z","1999-05-10T19:09Z","Hartsfield-Jackson Atlanta International"
"Albuquerque International Sunport","Delta Air Lines Inc.","1260","1269","2004-05-17T11:18Z","2004-05-17T16:51Z","Hartsfield-Jackson Atlanta International"
"Albuquerque International Sunport","Delta Air Lines Inc.","1452","1269","2014-05-25T07:07Z","2014-05-25T12:14Z","Hartsfield-Jackson Atlanta International"
"Albuquerque International Sunport","Delta Air Lines Inc.","1664","1269","2009-01-08T08:28Z","2009-01-08T13:29Z","Hartsfield-Jackson Atlanta International"
"Albuquerque International Sunport","Delta Air Lines Inc.","1692","1269","2010-01-06T13:10Z","2010-01-06T17:56Z","Hartsfield-Jackson Atlanta International"
"Albuquerque International Sunport","Delta Air Lines Inc.","1022","1269","2013-01-25T13:30Z","2013-01-25T18:24Z","Hartsfield-Jackson Atlanta International"
"Albuquerque International Sunport","Delta Air Lines Inc.","2022","1269","1999-05-04T00:58Z","1999-05-04T05:43Z","Hartsfield-Jackson Atlanta International"
"Albuquerque International Sunport","Southwest Airlines Co.","1604","1670","2003-09-09T15:25Z","2003-09-09T21:00Z","Baltimore/Washington International Thurgood Marshall"
"Albuquerque International Sunport","Southwest Airlines Co.","624","1670","2013-01-20T07:09Z","2013-01-20T12:34Z","Baltimore/Washington International Thurgood Marshall"
"Albuquerque International Sunport","Southwest Airlines Co.","2291","1670","2015-01-13T18:05Z","2015-01-13T23:30Z","Baltimore/Washington International Thurgood Marshall"
"Albuquerque International Sunport","Southwest Airlines Co.","1753","1670","2010-01-15T10:09Z","2010-01-15T15:44Z","Baltimore/Washington International Thurgood Marshall"
"Albuquerque International Sunport","Southwest Airlines Co.","2846","1670","2016-05-10T15:24Z","2016-05-10T21:01Z","Baltimore/Washington International Thurgood Marshall"
"Albuquerque International Sunport","Southwest Airlines Co.","3301","1670","2015-05-07T16:05Z","2015-05-07T21:35Z","Baltimore/Washington International Thurgood Marshall"
"Albuquerque International Sunport","Southwest Airlines Co.","652","1670","2014-09-23T15:27Z","2014-09-23T21:10Z","Baltimore/Washington International Thurgood Marshall"
"Albuquerque International Sunport","Southwest Airlines Co.","4297","1670","2014-05-17T13:48Z","2014-05-17T19:17Z","Baltimore/Washington International Thurgood Marshall"
"Albuquerque International Sunport","Southwest Airlines Co.","2489","1670","2011-09-28T15:45Z","2011-09-28T22:18Z","Baltimore/Washington International Thurgood Marshall"
"Albuquerque International Sunport","Southwest Airlines Co.","2291","1670","2015-01-28T17:39Z","2015-01-28T23:11Z","Baltimore/Washington International Thurgood Marshall"
"Albuquerque International Sunport","Southwest Airlines Co.","1039","1670","2010-09-07T15:16Z","2010-09-07T20:35Z","Baltimore/Washington International Thurgood Marshall"
"Albuquerque International Sunport","Southwest Airlines Co.","3865","1670","2012-01-02T07:32Z","2012-01-02T13:18Z","Baltimore/Washington International Thurgood Marshall"
"Albuquerque International Sunport","Southwest Airlines Co.","2483","1670","2012-05-11T15:01Z","2012-05-11T20:46Z","Baltimore/Washington International Thurgood Marshall"
"Albuquerque International Sunport","Southwest Airlines Co.","1604","1670","2001-05-11T15:10Z","2001-05-11T21:41Z","Baltimore/Washington International Thurgood Marshall"
"Albuquerque International Sunport","Southwest Airlines Co.","2761","1670","2009-01-09T14:29Z","2009-01-09T20:00Z","Baltimore/Washington International Thurgood Marshall"
"Albuquerque International Sunport","Southwest Airlines Co.","2489","1670","2011-09-15T15:25Z","2011-09-15T20:51Z","Baltimore/Washington International Thurgood Marshall"
"Albuquerque International Sunport","Southwest Airlines Co.","1604","1670","2002-01-13T15:25Z","2002-01-13T20:38Z","Baltimore/Washington International Thurgood Marshall"
"Albuquerque International Sunport","Southwest Airlines Co.","705","1670","2009-09-14T08:52Z","2009-09-14T14:46Z","Baltimore/Washington International Thurgood Marshall"
"Albuquerque International Sunport","Southwest Airlines Co.","2483","1670","2012-05-29T17:26Z","2012-05-29T23:03Z","Baltimore/Washington International Thurgood Marshall"
"Albuquerque International Sunport","Southwest Airlines Co.","1604","1670","2004-01-22T15:55Z","2004-01-22T21:22Z","Baltimore/Washington International Thurgood Marshall"
"Albuquerque International Sunport","Southwest Airlines Co.","2964","1670","2015-09-14T14:24Z","2015-09-14T19:59Z","Baltimore/Washington International Thurgood Marshall"
"Albuquerque International Sunport","Southwest Airlines Co.","1158","1670","2013-09-18T06:29Z","2013-09-18T12:06Z","Baltimore/Washington International Thurgood Marshall"
"Albuquerque International Sunport","Southwest Airlines Co.","1336","1670","2015-05-14T06:22Z","2015-05-14T11:50Z","Baltimore/Washington International Thurgood Marshall"
"Albuquerque International Sunport","Southwest Airlines Co.","3586","1670","2014-05-30T14:45Z","2014-05-30T20:30Z","Baltimore/Washington International Thurgood Marshall"
"Albuquerque International Sunport","Southwest Airlines Co.","3301","1670","2015-05-06T15:54Z","2015-05-06T21:55Z","Baltimore/Washington International Thurgood Marshall"
"Albuquerque International Sunport","Southwest Airlines Co.","409","1670","2012-09-06T09:54Z","2012-09-06T15:21Z","Baltimore/Washington International Thurgood Marshall"
"Albuquerque International Sunport","Southwest Airlines Co.","2483","1670","2012-05-02T15:00Z","2012-05-02T20:42Z","Baltimore/Washington International Thurgood Marshall"
"Albuquerque International Sunport","Southwest Airlines Co.","1319","1670","2009-05-11T09:02Z","2009-05-11T14:31Z","Baltimore/Washington International Thurgood Marshall"
"Albuquerque International Sunport","Southwest Airlines Co.","591","1670","2013-09-24T13:48Z","2013-09-24T19:23Z","Baltimore/Washington International Thurgood Marshall"
"Albuquerque International Sunport","Southwest Airlines Co.","1692","1670","2013-05-07T07:10Z","2013-05-07T12:51Z","Baltimore/Washington International Thurgood Marshall"
"Albuquerque International Sunport","Southwest Airlines Co.","2356","1670","2009-05-17T16:07Z","2009-05-17T21:49Z","Baltimore/Washington International Thurgood Marshall"
"Albuquerque International Sunport","Southwest Airlines Co.","1604","1670","2003-09-14T15:40Z","2003-09-14T21:11Z","Baltimore/Washington International Thurgood Marshall"
"Albuquerque International Sunport","Southwest Airlines Co.","1604","1670","2002-09-13T15:25Z","2002-09-13T20:45Z","Baltimore/Washington International Thurgood Marshall"
"Albuquerque International Sunport","Southwest Airlines Co.","2581","1670","2011-01-27T11:59Z","2011-01-27T17:36Z","Baltimore/Washington International Thurgood Marshall"
"Albuquerque International Sunport","Southwest Airlines Co.","2060","1670","2015-09-01T07:22Z","2015-09-01T13:03Z","Baltimore/Washington International Thurgood Marshall"
"Albuquerque International Sunport","Southwest Airlines Co.","310","1670","2009-09-19T09:58Z","2009-09-19T15:31Z","Baltimore/Washington International Thurgood Marshall"
"Albuquerque International Sunport","Southwest Airlines Co.","1604","1670","2001-01-18T15:15Z","2001-01-18T20:46Z","Baltimore/Washington International Thurgood Marshall"
"Albuquerque International Sunport","Southwest Airlines Co.","987","1670","2010-09-17T09:56Z","2010-09-17T15:33Z","Baltimore/Washington International Thurgood Marshall"
"Albuquerque International Sunport","Southwest Airlines Co.","364","1670","2016-05-05T07:02Z","2016-05-05T12:47Z","Baltimore/Washington International Thurgood Marshall"
"Albuquerque International Sunport","Southwest Airlines Co.","198","1670","2016-05-28T10:53Z","2016-05-28T16:29Z","Baltimore/Washington International Thurgood Marshall"
"Albuquerque International Sunport","Southwest Airlines Co.","2964","1670","2015-09-29T14:24Z","2015-09-29T20:15Z","Baltimore/Washington International Thurgood Marshall"
"Albuquerque International Sunport","Southwest Airlines Co.","1604","1670","2001-09-22T14:50Z","2001-09-22T21:18Z","Baltimore/Washington International Thurgood Marshall"
"Albuquerque International Sunport","Southwest Airlines Co.","1319","1670","2009-05-22T09:04Z","2009-05-22T14:44Z","Baltimore/Washington International Thurgood Marshall"
"Albuquerque International Sunport","Southwest Airlines Co.","2489","1670","2011-09-20T15:27Z","2011-09-20T21:14Z","Baltimore/Washington International Thurgood Marshall"
"Albuquerque International Sunport","Southwest Airlines Co.","1604","1670","2002-05-09T15:42Z","2002-05-09T21:06Z","Baltimore/Washington International Thurgood Marshall"
"Albuquerque International Sunport","Southwest Airlines Co.","1158","1670","2013-09-22T06:35Z","2013-09-22T12:07Z","Baltimore/Washington International Thurgood Marshall"
"Albuquerque International Sunport","Southwest Airlines Co.","3969","1670","2009-09-13T15:00Z","2009-09-13T20:37Z","Baltimore/Washington International Thurgood Marshall"
"Albuquerque International Sunport","Southwest Airlines Co.","4297","1670","2014-05-31T14:10Z","2014-05-31T19:46Z","Baltimore/Washington International Thurgood Marshall"
"Albuquerque International Sunport","Southwest Airlines Co.","1151","1670","2013-09-07T13:46Z","2013-09-07T19:31Z","Baltimore/Washington International Thurgood Marshall"
"Albuquerque International Sunport","Southwest Airlines Co.","1604","1670","2002-09-06T15:25Z","2002-09-06T21:06Z","Baltimore/Washington International Thurgood Marshall"
"Albuquerque International Sunport","Southwest Airlines Co.","729","1670","2012-09-22T07:30Z","2012-09-22T12:58Z","Baltimore/Washington International Thurgood Marshall"
"Albuquerque International Sunport","Southwest Airlines Co.","3567","1670","2011-01-04T08:31Z","2011-01-04T13:43Z","Baltimore/Washington International Thurgood Marshall"
"Albuquerque International Sunport","Southwest Airlines Co.","1883","1670","2012-05-09T11:00Z","2012-05-09T16:36Z","Baltimore/Washington International Thurgood Marshall"
"Albuquerque International Sunport","Southwest Airlines Co.","1883","1670","2012-05-17T10:40Z","2012-05-17T16:21Z","Baltimore/Washington International Thurgood Marshall"
"Albuquerque International Sunport","Southwest Airlines Co.","624","1670","2013-01-24T07:08Z","2013-01-24T12:35Z","Baltimore/Washington International Thurgood Marshall"
"Albuquerque International Sunport","Southwest Airlines Co.","3684","1670","2012-09-30T10:21Z","2012-09-30T15:53Z","Baltimore/Washington International Thurgood Marshall"
"Albuquerque International Sunport","Southwest Airlines Co.","1247","1670","2014-09-01T07:06Z","2014-09-01T12:42Z","Baltimore/Washington International Thurgood Marshall"
"Albuquerque International Sunport","Southwest Airlines Co.","721","1670","2004-09-03T15:35Z","2004-09-03T21:01Z","Baltimore/Washington International Thurgood Marshall"
"Albuquerque International Sunport","Southwest Airlines Co.","455","1121","2015-01-04T17:14Z","2015-01-04T20:51Z","Chicago Midway International"
"Albuquerque International Sunport","Southwest Airlines Co.","586","1121","2009-01-07T17:31Z","2009-01-07T21:25Z","Chicago Midway International"
"Albuquerque International Sunport","Southwest Airlines Co.","980","1121","2009-01-26T15:49Z","2009-01-26T19:14Z","Chicago Midway International"
"Albuquerque International Sunport","Southwest Airlines Co.","1598","1121","2013-05-17T15:37Z","2013-05-17T19:05Z","Chicago Midway International"
"Albuquerque International Sunport","Southwest Airlines Co.","998","1121","2014-05-30T17:15Z","2014-05-30T20:46Z","Chicago Midway International"
"Albuquerque International Sunport","Southwest Airlines Co.","2717","1121","2009-09-19T14:12Z","2009-09-19T17:40Z","Chicago Midway International"
"Albuquerque International Sunport","Southwest Airlines Co.","913","1121","2010-09-24T07:30Z","2010-09-24T11:00Z","Chicago Midway International"
"Albuquerque International Sunport","Southwest Airlines Co.","1693","1121","2010-01-18T07:16Z","2010-01-18T10:48Z","Chicago Midway International"
"Albuquerque International Sunport","Southwest Airlines Co.","1598","1121","2013-05-06T15:23Z","2013-05-06T18:58Z","Chicago Midway International"
"Albuquerque International Sunport","Southwest Airlines Co.","1479","1121","2011-05-19T06:09Z","2011-05-19T09:39Z","Chicago Midway International"
"Albuquerque International Sunport","Southwest Airlines Co.","2312","1121","2001-09-25T10:05Z","2001-09-25T13:45Z","Chicago Midway International"
"Albuquerque International Sunport","Southwest Airlines Co.","1740","1121","2011-09-06T05:57Z","2011-09-06T09:29Z","Chicago Midway International"
"Albuquerque International Sunport","Southwest Airlines Co.","552","1121","2013-01-14T09:50Z","2013-01-14T13:07Z","Chicago Midway International"
"Albuquerque International Sunport","Southwest Airlines Co.","2991","1121","2016-05-13T16:57Z","2016-05-13T20:30Z","Chicago Midway International"
"Albuquerque International Sunport","Southwest Airlines Co.","2671","1121","2015-05-17T06:01Z","2015-05-17T09:30Z","Chicago Midway International"
"Albuquerque International Sunport","Southwest Airlines Co.","1786","1121","2010-01-03T16:33Z","2010-01-03T20:15Z","Chicago Midway International"
"Albuquerque International Sunport","Southwest Airlines Co.","1663","1121","2000-09-02T17:00Z","2000-09-02T20:25Z","Chicago Midway International"
"Albuquerque International Sunport","Southwest Airlines Co.","2312","1121","2002-05-23T09:40Z","2002-05-23T13:13Z","Chicago Midway International"
"Albuquerque International Sunport","Southwest Airlines Co.","2109","1121","2012-01-25T07:33Z","2012-01-25T11:05Z","Chicago Midway International"
"Albuquerque International Sunport","Southwest Airlines Co.","2269","1121","2015-09-09T17:00Z","2015-09-09T20:30Z","Chicago Midway International"
"Albuquerque International Sunport","Southwest Airlines Co.","1031","1121","2003-05-07T10:30Z","2003-05-07T13:52Z","Chicago Midway International"
"Albuquerque International Sunport","Southwest Airlines Co.","2109","1121","2012-01-16T07:31Z","2012-01-16T10:50Z","Chicago Midway International"
"Albuquerque International Sunport","Southwest Airlines Co.","1013","1121","2009-05-21T11:40Z","2009-05-21T15:19Z","Chicago Midway International"
"Albuquerque International Sunport","Southwest Airlines Co.","2493","1121","2014-09-23T09:09Z","2014-09-23T12:51Z","Chicago Midway International"
"Albuquerque International Sunport","Southwest Airlines Co.","551","1121","2010-05-14T15:32Z","2010-05-14T19:04Z","Chicago Midway International"
"Albuquerque International Sunport","Southwest Airlines Co.","1286","1121","2011-09-10T14:44Z","2011-09-10T18:25Z","Chicago Midway International"
"Albuquerque International Sunport","Southwest Airlines Co.","1740","1121","2011-09-13T06:02Z","2011-09-13T09:39Z","Chicago Midway International"
"Albuquerque International Sunport","Southwest Airlines Co.","786","1121","2014-01-12T16:18Z","2014-01-12T19:50Z","Chicago Midway International"
"Albuquerque International Sunport","Southwest Airlines Co.","1043","1121","2013-01-02T09:24Z","2013-01-02T12:45Z","Chicago Midway International"
"Albuquerque International Sunport","Southwest Airlines Co.","474","1121","2012-05-04T05:56Z","2012-05-04T09:33Z","Chicago Midway International"
"Albuquerque International Sunport","Southwest Airlines Co.","225","1121","2013-09-18T17:24Z","2013-09-18T21:40Z","Chicago Midway International"
"Albuquerque International Sunport","Southwest Airlines Co.","650","1121","2011-01-07T06:41Z","2011-01-07T10:19Z","Chicago Midway International"
"Albuquerque International Sunport","Southwest Airlines Co.","225","1121","2013-09-03T17:47Z","2013-09-03T21:31Z","Chicago Midway International"
"Albuquerque International Sunport","Southwest Airlines Co.","1740","1121","2011-09-26T06:03Z","2011-09-26T09:48Z","Chicago Midway International"
"Albuquerque International Sunport","Southwest Airlines Co.","1648","1121","2016-01-07T06:46Z","2016-01-07T10:17Z","Chicago Midway International"
"Albuquerque International Sunport","Southwest Airlines Co.","263","1121","2011-05-26T13:07Z","2011-05-26T16:38Z","Chicago Midway International"
"Albuquerque International Sunport","Southwest Airlines Co.","3945","1121","2009-01-31T06:59Z","2009-01-31T10:36Z","Chicago Midway International"
"Albuquerque International Sunport","Southwest Airlines Co.","474","1121","2012-05-14T05:59Z","2012-05-14T09:33Z","Chicago Midway International"
"Albuquerque International Sunport","Southwest Airlines Co.","256","1121","2010-01-08T06:51Z","2010-01-08T10:42Z","Chicago Midway International"
"Albuquerque International Sunport","Southwest Airlines Co.","136","1121","2009-09-04T07:08Z","2009-09-04T10:43Z","Chicago Midway International"
"Albuquerque International Sunport","Southwest Airlines Co.","755","1121","2014-01-31T08:51Z","2014-01-31T12:12Z","Chicago Midway International"
"Albuquerque International Sunport","Southwest Airlines Co.","1612","1121","2003-01-24T07:55Z","2003-01-24T11:22Z","Chicago Midway International"
